Id,R,Nome,Squadra,Pv,Mv,Fm,Gf,Gs,Rp,Rc,R+,R-,Ass,Amm,Esp,Au,Season,MvH,FvH,MvH_Classification,FvH_Classification
572,P,MERET,Napoli,2,6.0,5.5,0,1,0,0,0,0,0,0,0,0,2023-24,6.242333333333333,5.45,A,A
4312,P,MAIGNAN,Milan,2,6.0,5.5,0,1,0,0,0,0,0,0,0,0,2023-24,6.2205,5.494,A,A
2428,P,SOMMER,Inter,2,6.0,6.0,0,0,0,0,0,0,0,0,0,0,2023-24,,,New,New
453,P,SZCZESNY,Juventus,1,7.0,7.0,0,0,0,0,0,0,0,0,0,0,2023-24,6.123749999999999,5.346375,A,B
2814,P,PROVEDEL,Lazio,2,6.0,4.5,0,3,0,0,0,0,0,0,0,0,2023-24,6.144500000000001,4.7138333333333335,A,D
4270,P,RUI PATRICIO,Roma,2,5.5,3.5,0,4,0,0,0,0,0,0,0,0,2023-24,6.093500000000001,5.081,B,B
5876,P,DI GREGORIO,Monza,2,6.75,5.75,0,2,0,0,0,0,0,0,0,0,2023-24,6.28,4.99,A,C
133,P,SKORUPSKI,Bologna,2,6.25,4.75,0,3,0,0,0,0,0,0,0,0,2023-24,6.166166666666667,4.812333333333333,A,C
2170,P,MILINKOVIC-SAVIC V.,Torino,2,6.0,3.75,0,4,0,0,0,0,0,1,0,0,2023-24,6.0245,4.868,B,C
2815,P,TERRACCIANO,Fiorentina,1,6.0,5.0,0,1,0,0,0,0,0,0,0,0,2023-24,6.088,4.837750000000001,B,C
4431,P,CARNESECCHI,Atalanta,0,0.0,0.0,0,0,0,0,0,0,0,0,0,0,2023-24,6.35,4.63,A,D
3,P,RADUNOVIC,Cagliari,2,6.25,5.25,0,2,0,0,0,0,0,0,0,0,2023-24,,,New,New
6120,P,OCHOA,Salernitana,2,6.5,5.0,0,3,0,0,0,0,0,0,0,0,2023-24,6.48,4.95,A,C
2134,P,FALCONE,Lecce,2,6.5,5.0,0,3,0,0,0,0,0,0,0,0,2023-24,6.36,5.013,A,B
2211,P,SILVESTRI,Udinese,2,5.25,3.25,0,4,0,0,0,0,0,0,0,0,2023-24,6.2125,4.88475,A,C
4957,P,MONTIPO',Verona,2,6.25,5.75,0,1,0,0,0,0,0,0,0,0,2023-24,6.1075,4.4785,A,D
5116,P,MARTINEZ JO.,Genoa,2,6.0,4.0,0,4,0,0,0,0,0,0,0,0,2023-24,,,New,New
4360,P,CAPRILE,Empoli,1,5.0,4.0,0,1,0,0,0,0,0,0,0,0,2023-24,,,New,New
509,P,CONSIGLI,Sassuolo,2,6.0,4.0,0,4,0,0,0,0,0,0,0,0,2023-24,6.1747499999999995,4.647375,A,D
2178,P,CRAGNO,Sassuolo,0,0.0,0.0,0,0,0,0,0,0,0,0,0,0,2023-24,6.317500000000001,4.830000000000001,A,C
2792,P,MUSSO,Atalanta,2,6.25,5.25,0,2,0,0,0,0,0,0,0,0,2023-24,6.150166666666667,4.785833333333334,A,D
4867,P,TURATI,Frosinone,1,5.5,2.5,0,3,0,0,0,0,0,0,0,0,2023-24,,,New,New
6403,P,CHRISTENSEN O.,Fiorentina,1,6.0,4.0,0,2,0,0,0,0,0,0,0,0,2023-24,,,New,New
218,P,PERIN,Juventus,1,6.0,5.0,0,1,0,0,0,0,0,0,0,0,2023-24,6.259666666666666,5.452333333333334,A,A
673,P,PERISAN,Empoli,1,5.0,3.0,0,2,0,0,0,0,0,0,0,0,2023-24,,,New,New
2294,P,CEROFOLINI,Frosinone,1,6.5,5.5,0,1,0,0,0,0,0,0,0,0,2023-24,,,New,New
4,P,SPORTIELLO,Milan,0,0.0,0.0,0,0,0,0,0,0,0,0,0,0,2023-24,6.1355,4.759333333333334,A,D
41,P,MIRANTE,Milan,0,0.0,0.0,0,0,0,0,0,0,0,0,0,0,2023-24,6.300000000000001,5.263333333333333,A,B
159,P,SEPE,Lazio,0,0.0,0.0,0,0,0,0,0,0,0,0,0,0,2023-24,6.187333333333334,4.697166666666668,A,D
188,P,LEALI,Genoa,0,0.0,0.0,0,0,0,0,0,0,0,0,0,0,2023-24,,,New,New
217,P,LAMANNA,Monza,0,0.0,0.0,0,0,0,0,0,0,0,0,0,0,2023-24,,,New,New
219,P,SOMMARIVA,Genoa,0,0.0,0.0,0,0,0,0,0,0,0,0,0,0,2023-24,,,New,New
316,P,BERISHA,Empoli,0,0.0,0.0,0,0,0,0,0,0,0,0,0,0,2023-24,6.066666666666667,5.08,B,B
510,P,PEGOLO,Sassuolo,0,0.0,0.0,0,0,0,0,0,0,0,0,0,0,2023-24,,,New,New
511,P,PERILLI,Verona,0,0.0,0.0,0,0,0,0,0,0,0,0,0,0,2023-24,,,New,New
543,P,PADELLI,Udinese,0,0.0,0.0,0,0,0,0,0,0,0,0,0,0,2023-24,,,New,New
574,P,SCUFFET,Cagliari,0,0.0,0.0,0,0,0,0,0,0,0,0,0,0,2023-24,6.11,4.67,A,D
610,P,GOLLINI,Napoli,0,0.0,0.0,0,0,0,0,0,0,0,0,0,0,2023-24,6.159999999999999,5.205,A,B
761,P,AUDERO,Inter,0,0.0,0.0,0,0,0,0,0,0,0,0,0,0,2023-24,6.234,4.815833333333334,A,C
1926,P,DI GENNARO,Inter,0,0.0,0.0,0,0,0,0,0,0,0,0,0,0,2023-24,,,New,New
1930,P,PINSOGLIO,Juventus,0,0.0,0.0,0,0,0,0,0,0,0,0,0,0,2023-24,,,New,New
1946,P,ARESTI,Cagliari,0,0.0,0.0,0,0,0,0,0,0,0,0,0,0,2023-24,,,New,New
1947,P,FIORILLO,Salernitana,0,0.0,0.0,0,0,0,0,0,0,0,0,0,0,2023-24,,,New,New
2297,P,ROSSI F.,Atalanta,0,0.0,0.0,0,0,0,0,0,0,0,0,0,0,2023-24,,,New,New
2338,P,COSTIL,Salernitana,0,0.0,0.0,0,0,0,0,0,0,0,0,0,0,2023-24,,,New,New
2722,P,RAVAGLIA F.,Bologna,0,0.0,0.0,0,0,0,0,0,0,0,0,0,0,2023-24,,,New,New
2799,P,FRATTALI,Frosinone,0,0.0,0.0,0,0,0,0,0,0,0,0,0,0,2023-24,,,New,New
2845,P,CONTINI,Napoli,0,0.0,0.0,0,0,0,0,0,0,0,0,0,0,2023-24,,,New,New
4351,P,BRANCOLINI,Lecce,0,0.0,0.0,0,0,0,0,0,0,0,0,0,0,2023-24,,,New,New
4468,P,BLEVE,Lecce,0,0.0,0.0,0,0,0,0,0,0,0,0,0,0,2023-24,,,New,New
4491,P,BERARDI A.,Verona,0,0.0,0.0,0,0,0,0,0,0,0,0,0,0,2023-24,,,New,New
4525,P,GEMELLO,Torino,0,0.0,0.0,0,0,0,0,0,0,0,0,0,0,2023-24,,,New,New
5304,P,BOER,Roma,0,0.0,0.0,0,0,0,0,0,0,0,0,0,0,2023-24,,,New,New
2130,D,HATEBOER,Atalanta,0,0.0,0.0,0,0,0,0,0,0,0,0,0,0,2023-24,5.947375,6.051625000000001,B,B
5502,P,ADAMONIS,Lazio,0,0.0,0.0,0,0,0,0,0,0,0,0,0,0,2023-24,,,New,New
5707,P,PIANA,Udinese,0,0.0,0.0,0,0,0,0,0,0,0,0,0,0,2023-24,,,New,New
5822,P,BAGNOLINI,Bologna,0,0.0,0.0,0,0,0,0,0,0,0,0,0,0,2023-24,,,New,New
5832,P,LUIS MAXIMIANO,Lazio,0,0.0,0.0,0,0,0,0,0,0,0,0,0,0,2023-24,,,New,New
5841,P,SVILAR,Roma,0,0.0,0.0,0,0,0,0,0,0,0,0,0,0,2023-24,,,New,New
5853,P,SORRENTINO A.,Monza,0,0.0,0.0,0,0,0,0,0,0,0,0,0,0,2023-24,,,New,New
6184,P,MARTINELLI T.,Fiorentina,0,0.0,0.0,0,0,0,0,0,0,0,0,0,0,2023-24,,,New,New
6210,P,POPA,Torino,0,0.0,0.0,0,0,0,0,0,0,0,0,0,0,2023-24,,,New,New
6234,P,STUBLJAR,Empoli,0,0.0,0.0,0,0,0,0,0,0,0,0,0,0,2023-24,,,New,New
6248,P,STANKOVIC F.,Inter,0,0.0,0.0,0,0,0,0,0,0,0,0,0,0,2023-24,,,New,New
6255,P,GORI,Monza,0,0.0,0.0,0,0,0,0,0,0,0,0,0,0,2023-24,,,New,New
6406,P,BORBEI,Lecce,0,0.0,0.0,0,0,0,0,0,0,0,0,0,0,2023-24,,,New,New
6415,P,PALMISANI,Frosinone,0,0.0,0.0,0,0,0,0,0,0,0,0,0,0,2023-24,,,New,New
6462,P,OKOYE,Udinese,0,0.0,0.0,0,0,0,0,0,0,0,0,0,0,2023-24,,,New,New
6482,P,MANDAS,Lazio,0,0.0,0.0,0,0,0,0,0,0,0,0,0,0,2023-24,,,New,New
254,D,DIMARCO,Inter,2,6.5,7.0,0,0,0,0,0,0,1,0,0,0,2023-24,6.167833333333333,6.524000000000001,A,A
2816,D,DI LORENZO,Napoli,2,7.5,10.0,1,0,0,0,0,0,2,0,0,0,2023-24,6.153666666666667,6.429666666666668,A,A
4292,D,HERNANDEZ T.,Milan,2,6.5,7.5,1,0,0,0,0,0,0,2,0,0,2023-24,6.18975,6.610750000000001,A,A
5877,D,CARLOS AUGUSTO,Inter,2,6.0,6.0,0,0,0,0,0,0,0,0,0,0,2023-24,6.16,6.76,A,A
554,D,ZAPPACOSTA,Atalanta,2,5.75,5.75,0,0,0,0,0,0,0,0,0,0,2023-24,6.1365,6.5520000000000005,B,A
4237,D,DANILO,Juventus,2,6.5,6.25,0,0,0,0,0,0,0,1,0,0,2023-24,6.2082500000000005,6.385750000000001,A,A
6041,D,SCHUURS,Torino,2,5.75,7.25,1,0,0,0,0,0,0,0,0,0,2023-24,6.21,6.19,A,B
6066,D,POSCH,Bologna,2,5.75,5.5,0,0,0,0,0,0,0,1,0,0,2023-24,6.12,6.68,B,A
2120,D,BASTONI,Inter,2,6.5,6.5,0,0,0,0,0,0,0,0,0,0,2023-24,6.1035,6.143666666666666,B,B
4177,D,PAVARD,Inter,0,0.0,0.0,0,0,0,0,0,0,0,0,0,0,2023-24,,,New,New
4245,D,SMALLING,Roma,2,5.5,5.5,0,0,0,0,0,0,0,0,0,0,2023-24,6.16975,6.3302499999999995,A,B
4409,D,RRAHMANI,Napoli,2,6.5,6.5,0,0,0,0,0,0,0,0,0,0,2023-24,6.17575,6.3957500000000005,A,A
5513,D,DUMFRIES,Inter,2,7.0,9.0,1,0,0,0,0,0,1,0,0,0,2023-24,6.080500000000001,6.423500000000001,B,A
2788,D,BREMER,Juventus,2,5.5,5.5,0,0,0,0,0,0,0,0,0,0,2023-24,6.15175,6.45725,A,A
4751,D,TOMORI,Milan,2,6.25,6.25,0,0,0,0,0,0,0,0,0,0,2023-24,6.18725,6.22475,A,B
460,D,ROMAGNOLI,Lazio,2,5.5,5.5,0,0,0,0,0,0,0,0,0,0,2023-24,6.134375,6.181375,B,B
5481,D,MAZZOCCHI,Salernitana,2,5.75,5.75,0,0,0,0,0,0,0,0,0,0,2023-24,5.9885,6.1135,B,B
5851,D,DOIG,Verona,2,6.5,6.5,0,0,0,0,0,0,0,0,0,0,2023-24,6.07,6.52,B,A
252,D,BIRAGHI,Fiorentina,1,7.0,10.5,1,0,0,0,0,0,1,1,0,0,2023-24,5.9510000000000005,6.080000000000001,B,B
1852,D,SPINAZZOLA,Roma,2,6.25,6.25,0,0,0,0,0,0,0,0,0,0,2023-24,6.0235,6.213333333333334,B,B
2525,D,DARMIAN,Inter,2,6.25,6.25,0,0,0,0,0,0,0,0,0,0,2023-24,6.11775,6.355,B,A
5067,D,BAKKER,Atalanta,0,0.0,0.0,0,0,0,0,0,0,0,0,0,0,2023-24,,,New,New
5375,D,MAEHLE,Atalanta,0,0.0,0.0,0,0,0,0,0,0,0,0,0,0,2023-24,5.89975,6.078250000000001,C,B
5835,D,BASCHIROTTO,Lecce,2,6.25,6.25,0,0,0,0,0,0,0,0,0,0,2023-24,6.07,6.23,B,B
142,D,MARIO RUI,Napoli,1,6.0,6.0,0,0,0,0,0,0,0,0,0,0,2023-24,6.020625000000001,6.1221250000000005,B,B
357,D,CALABRIA,Milan,2,6.25,6.25,0,0,0,0,0,0,0,0,0,0,2023-24,6.016375,6.165625,B,B
513,D,ACERBI,Inter,0,0.0,0.0,0,0,0,0,0,0,0,0,0,0,2023-24,6.009625000000001,6.040125,B,B
2164,D,MILENKOVIC,Fiorentina,2,6.25,6.0,0,0,0,0,0,0,0,1,0,0,2023-24,5.889125000000001,5.962375,C,C
2296,D,MANCINI,Roma,2,5.5,5.5,0,0,0,0,0,0,0,0,0,0,2023-24,6.059125,6.158625000000001,B,B
2724,D,BUONGIORNO,Torino,2,5.5,5.25,0,0,0,0,0,0,0,1,0,0,2023-24,5.9247499999999995,5.87775,B,C
5480,D,EBUEHI,Empoli,2,5.25,5.25,0,0,0,0,0,0,0,0,0,0,2023-24,5.8015,5.932,C,C
5498,D,CASALE,Lazio,1,6.0,6.0,0,0,0,0,0,0,0,0,0,0,2023-24,5.9175,5.876,B,C
5678,D,HOLM,Atalanta,0,0.0,0.0,0,0,0,0,0,0,0,0,0,0,2023-24,6.06,6.17,B,B
6055,D,THIAW,Milan,2,6.25,6.0,0,0,0,0,0,0,0,1,0,0,2023-24,5.92,5.79,B,D
581,D,FARAONI,Verona,1,6.0,6.0,0,0,0,0,0,0,0,0,0,0,2023-24,5.9665,6.270833333333334,B,B
697,D,CUADRADO,Inter,2,6.0,6.0,0,0,0,0,0,0,0,0,0,0,2023-24,6.03425,6.2871250000000005,B,B
2160,D,GOSENS,Inter,0,0.0,0.0,0,0,0,0,0,0,0,0,0,0,2023-24,6.065875,6.462250000000001,B,A
2640,D,KOLASINAC,Atalanta,2,6.0,6.0,0,0,0,0,0,0,0,0,0,0,2023-24,,,New,New
5526,D,SCALVINI,Atalanta,2,5.75,5.75,0,0,0,0,0,0,0,0,0,0,2023-24,5.955500000000001,6.0905000000000005,B,B
5847,D,BIJOL,Udinese,2,5.5,5.5,0,0,0,0,0,0,0,0,0,0,2023-24,5.88,6.03,C,B
226,D,IZZO,Monza,1,6.5,6.0,0,0,0,0,0,0,0,1,0,0,2023-24,6.008,6.0291250000000005,B,B
695,D,TOLOI,Atalanta,0,0.0,0.0,0,0,0,0,0,0,0,0,0,0,2023-24,6.013000000000001,6.081625000000001,B,B
2169,D,RODRIGUEZ R.,Torino,2,5.5,5.5,0,0,0,0,0,0,0,0,0,0,2023-24,5.84325,5.8073749999999995,C,C
2593,D,MARTIN,Genoa,1,6.0,6.0,0,0,0,0,0,0,0,0,0,0,2023-24,,,New,New
4317,D,N'DICKA,Roma,0,0.0,0.0,0,0,0,0,0,0,0,0,0,0,2023-24,,,New,New
4332,D,DEMIRAL,Atalanta,0,0.0,0.0,0,0,0,0,0,0,0,0,0,0,2023-24,6.061833333333333,6.150500000000001,B,B
4530,D,KYRIAKOPOULOS,Monza,1,5.5,5.5,0,0,0,0,0,0,0,0,0,0,2023-24,5.93175,6.034000000000001,B,B
4887,D,BELLANOVA,Torino,2,5.5,5.5,0,0,0,0,0,0,0,0,0,0,2023-24,5.901000000000001,5.945,B,C
4899,D,SINGO,Torino,0,0.0,0.0,0,0,0,0,0,0,0,0,0,0,2023-24,5.9905,6.144500000000001,B,B
4904,D,MARI',Monza,2,5.5,5.5,0,0,0,0,0,0,0,0,0,0,2023-24,6.117,6.300000000000001,B,B
5532,D,BRADARIC,Salernitana,2,6.25,6.5,0,0,0,0,0,0,1,1,0,0,2023-24,5.695,5.6215,D,D
5677,D,PEREZ N.,Udinese,2,5.5,5.5,0,0,0,0,0,0,0,0,0,0,2023-24,5.8715,5.807500000000001,C,C
5885,D,DODO',Fiorentina,1,6.0,6.0,0,0,0,0,0,0,0,0,0,0,2023-24,5.88,5.98,C,C
6220,D,KRISTENSEN,Roma,2,5.5,5.5,0,0,0,0,0,0,0,0,0,0,2023-24,,,New,New
6396,D,NATAN,Napoli,0,0.0,0.0,0,0,0,0,0,0,0,0,0,0,2023-24,,,New,New
253,D,D'AMBROSIO,Monza,2,6.0,6.0,0,0,0,0,0,0,0,0,0,0,2023-24,6.005375000000001,6.2405,B,B
322,D,DE VRIJ,Inter,2,6.5,6.5,0,0,0,0,0,0,0,0,0,0,2023-24,6.01975,6.112000000000001,B,B
393,D,LUPERTO,Empoli,2,5.25,5.25,0,0,0,0,0,0,0,0,0,0,2023-24,5.750333333333334,5.7405,C,D
787,D,DJIMSITI,Atalanta,2,5.75,5.75,0,0,0,0,0,0,0,0,0,0,2023-24,5.866,5.84875,C,C
4210,D,MINA,Fiorentina,0,0.0,0.0,0,0,0,0,0,0,0,0,0,0,2023-24,,,New,New
4331,D,IBANEZ,Roma,0,0.0,0.0,0,0,0,0,0,0,0,0,0,0,2023-24,5.812,5.832750000000001,C,C
4958,D,CALDIROLA,Monza,2,6.0,5.75,0,0,0,0,0,0,0,1,0,0,2023-24,5.8309999999999995,5.964,C,C
4976,D,KALULU,Milan,1,6.0,6.0,0,0,0,0,0,0,0,0,0,0,2023-24,5.882000000000001,6.000000000000001,C,B
5449,D,PARISI,Fiorentina,1,5.5,5.5,0,0,0,0,0,0,0,0,0,0,2023-24,6.0135000000000005,5.9805,B,C
5555,D,KAMARA H.,Udinese,2,6.0,6.0,0,0,0,0,0,0,0,0,0,0,2023-24,,,New,New
5840,D,OLIVERA,Napoli,2,6.0,5.75,0,0,0,0,0,0,0,1,0,0,2023-24,6.02,6.27,B,B
6042,D,LUCUMI',Bologna,2,5.75,5.75,0,0,0,0,0,0,0,0,0,0,2023-24,5.83,5.68,C,D
6046,D,HIEN,Verona,1,5.5,4.5,0,0,0,0,0,0,0,0,1,0,2023-24,5.94,5.8,B,C
6426,D,PEDERSEN,Sassuolo,1,5.5,5.5,0,0,0,0,0,0,0,0,0,0,2023-24,,,New,New
49,D,MASINA,Udinese,0,0.0,0.0,0,0,0,0,0,0,0,0,0,0,2023-24,5.756,5.8925,C,C
140,D,HYSAJ,Lazio,0,0.0,0.0,0,0,0,0,0,0,0,0,0,0,2023-24,5.88475,5.924875,C,C
256,D,JUAN JESUS,Napoli,2,6.25,6.25,0,0,0,0,0,0,0,0,0,0,2023-24,5.949833333333333,5.997,B,C
660,D,GYOMBER,Salernitana,2,5.25,5.0,0,0,0,0,0,0,0,1,0,0,2023-24,5.846,5.732,C,D
662,D,ALEX SANDRO,Juventus,2,6.0,5.75,0,0,0,0,0,0,0,1,0,0,2023-24,5.817625000000001,5.8637500000000005,C,C
2181,D,PALOMINO,Atalanta,0,0.0,0.0,0,0,0,0,0,0,0,0,0,0,2023-24,5.9465,5.931500000000001,B,C
2188,D,MARUSIC,Lazio,2,5.25,5.25,0,0,0,0,0,0,0,0,0,0,2023-24,5.908625000000001,5.941999999999999,B,C
2252,D,MARCHIZZA,Frosinone,2,6.0,6.0,0,0,0,0,0,0,0,0,0,0,2023-24,5.735,5.655,C,D
2263,D,LAZZARI,Lazio,2,6.25,6.25,0,0,0,0,0,0,0,0,0,0,2023-24,6.0715,6.090375,B,B
2318,D,ROGERIO,Sassuolo,0,0.0,0.0,0,0,0,0,0,0,0,0,0,0,2023-24,5.761749999999999,5.709125,C,D
2869,D,DJIDJI,Torino,0,0.0,0.0,0,0,0,0,0,0,0,0,0,0,2023-24,5.792,5.7861666666666665,C,D
4426,D,TOLJAN,Sassuolo,2,5.25,5.25,0,0,0,0,0,0,0,0,0,0,2023-24,5.75875,5.76525,C,D
4433,D,ZORTEA,Atalanta,2,6.5,8.0,1,0,0,0,0,0,0,0,0,0,2023-24,5.8790000000000004,6.023,C,B
4461,D,ZAPPA,Cagliari,2,5.5,5.5,0,0,0,0,0,0,0,0,0,0,2023-24,5.795000000000001,5.789999999999999,C,D
4502,D,GALLO,Lecce,2,6.25,6.75,0,0,0,0,0,0,1,0,0,0,2023-24,5.82,5.65,C,D
4982,D,ERLIC,Sassuolo,2,6.25,6.25,0,0,0,0,0,0,0,0,0,0,2023-24,5.80175,5.8732500000000005,C,C
4994,D,VOJVODA,Torino,2,5.75,5.75,0,0,0,0,0,0,0,0,0,0,2023-24,5.85825,6.018500000000001,C,B
5239,D,LLORENTE D.,Roma,2,5.75,6.25,0,0,0,0,0,0,1,0,0,0,2023-24,6.06,6.06,B,B
5365,D,DRAGUSIN,Genoa,2,6.0,6.0,0,0,0,0,0,0,0,0,0,0,2023-24,5.72,5.67,C,D
5520,D,CAMBIASO,Juventus,2,6.5,7.0,0,0,0,0,0,0,1,0,0,0,2023-24,5.9535,6.079500000000001,B,B
5718,D,VITI,Sassuolo,1,6.5,6.5,0,0,0,0,0,0,0,0,0,0,2023-24,5.82,5.63,C,D
5831,D,GATTI,Juventus,0,0.0,0.0,0,0,0,0,0,0,0,0,0,0,2023-24,5.94,5.81,B,C
5838,D,BIRINDELLI,Monza,2,6.25,6.25,0,0,0,0,0,0,0,0,0,0,2023-24,5.83,5.77,C,D
5867,D,GENDREY,Lecce,2,5.5,5.25,0,0,0,0,0,0,0,1,0,0,2023-24,5.88,5.85,C,C
6148,D,KRISTIANSEN,Bologna,0,0.0,0.0,0,0,0,0,0,0,0,0,0,0,2023-24,,,New,New
6202,D,BEUKEMA,Bologna,2,6.0,6.0,0,0,0,0,0,0,0,0,0,0,2023-24,,,New,New
6230,D,DOSSENA,Cagliari,2,5.5,5.5,0,0,0,0,0,0,0,0,0,0,2023-24,,,New,New
76,D,ROMAGNOLI S.,Frosinone,2,5.5,5.5,0,0,0,0,0,0,0,0,0,0,2023-24,5.944999999999999,5.985,B,C
327,D,PATRIC,Lazio,1,5.5,5.5,0,0,0,0,0,0,0,0,0,0,2023-24,5.934375000000001,5.8975,B,C
770,D,PEZZELLA GIU.,Empoli,1,5.5,5.5,0,0,0,0,0,0,0,0,0,0,2023-24,5.779666666666667,5.779666666666667,C,D
2083,D,BIRASCHI,Genoa,1,6.0,9.0,1,0,0,0,0,0,0,0,0,0,2023-24,5.77,5.68,C,D
2653,D,LYKOGIANNIS,Bologna,2,5.5,5.5,0,0,0,0,0,0,0,0,0,0,2023-24,5.849000000000001,6.039499999999999,C,B
4263,D,KABASELE,Udinese,2,5.75,5.25,0,0,0,0,0,0,0,2,0,0,2023-24,,,New,New
4378,D,RANIERI L.,Fiorentina,1,6.0,6.0,0,0,0,0,0,0,0,0,0,0,2023-24,5.9475,5.893000000000001,B,C
4421,D,AUGELLO,Cagliari,1,5.5,5.5,0,0,0,0,0,0,0,0,0,0,2023-24,5.85375,6.0295000000000005,C,B
4493,D,DAWIDOWICZ,Verona,2,6.25,6.0,0,0,0,0,0,0,0,1,0,0,2023-24,5.811,5.74225,C,D
4897,D,PIROLA,Salernitana,1,5.5,5.0,0,0,0,0,0,0,0,1,0,0,2023-24,5.78,5.94,C,C
4934,D,LOVATO,Salernitana,2,6.0,6.0,0,0,0,0,0,0,0,0,0,0,2023-24,5.781750000000001,5.6842500000000005,C,D
5010,D,ISMAJLI,Empoli,2,5.5,5.5,0,0,0,0,0,0,0,0,0,0,2023-24,5.8020000000000005,5.662000000000001,C,D
5323,D,MARTINEZ QUARTA,Fiorentina,1,5.0,4.5,0,0,0,0,0,0,0,1,0,0,2023-24,5.885,5.886500000000001,C,C
5514,D,VASQUEZ,Genoa,2,6.25,6.25,0,0,0,0,0,0,0,0,0,0,2023-24,5.8405000000000005,5.8260000000000005,C,C
5603,D,PONGRACIC,Lecce,2,5.5,5.0,0,0,0,0,0,0,0,2,0,0,2023-24,6.0,5.89,B,C
5701,D,OBERT,Cagliari,2,5.5,5.5,0,0,0,0,0,0,0,0,0,0,2023-24,,,New,New
5747,D,TRESSOLDI,Sassuolo,1,5.5,5.0,0,0,0,0,0,0,0,1,0,0,2023-24,,,New,New
6211,D,ZEMURA,Udinese,1,6.0,6.0,0,0,0,0,0,0,0,0,0,0,2023-24,,,New,New
6231,D,AZZI,Cagliari,2,5.75,5.75,0,0,0,0,0,0,0,0,0,0,2023-24,,,New,New
6464,D,WIETESKA,Cagliari,0,0.0,0.0,0,0,0,0,0,0,0,0,0,0,2023-24,,,New,New
286,D,BONUCCI,Juventus,0,0.0,0.0,0,0,0,0,0,0,0,0,0,0,2023-24,6.01975,6.155375,B,B
791,D,SABELLI,Genoa,1,6.0,6.0,0,0,0,0,0,0,0,0,0,0,2023-24,,,New,New
1891,D,CECCHERINI,Verona,0,0.0,0.0,0,0,0,0,0,0,0,0,0,0,2023-24,5.8580000000000005,5.806500000000001,C,C
1895,D,FERRARI G.,Sassuolo,0,0.0,0.0,0,0,0,0,0,0,0,0,0,0,2023-24,5.8371249999999995,5.888375000000001,C,C
2174,D,VENUTI,Lecce,0,0.0,0.0,0,0,0,0,0,0,0,0,0,0,2023-24,5.655833333333333,5.559166666666668,D,D
2285,D,BANI,Genoa,2,5.75,5.5,0,0,0,0,0,0,0,1,0,0,2023-24,5.777500000000001,5.6175,C,D
2633,D,KJAER,Milan,0,0.0,0.0,0,0,0,0,0,0,0,0,0,0,2023-24,6.11125,5.96025,B,C
2728,D,PELLEGRINI LU.,Lazio,2,5.5,5.0,0,0,0,0,0,0,0,2,0,0,2023-24,5.863333333333333,5.739999999999999,C,D
2758,D,GUNTER,Verona,0,0.0,0.0,0,0,0,0,0,0,0,0,0,0,2023-24,5.732666666666668,5.712833333333334,C,D
2769,D,MAGNANI,Verona,2,6.25,6.0,0,0,0,0,0,0,0,1,0,0,2023-24,5.912666666666667,5.728500000000001,B,D
4385,D,LAZARO,Torino,1,6.0,6.0,0,0,0,0,0,0,0,0,0,0,2023-24,6.0,6.05,B,B
4891,D,SOUMAORO,Bologna,0,0.0,0.0,0,0,0,0,0,0,0,0,0,0,2023-24,5.9037500000000005,5.79925,B,D
4945,D,CALAFIORI,Bologna,0,0.0,0.0,0,0,0,0,0,0,0,0,0,0,2023-24,,,New,New
4952,D,MONTERISI,Frosinone,2,6.25,7.75,1,0,0,0,0,0,0,0,0,0,2023-24,,,New,New
5354,D,RUGGERI,Atalanta,2,5.75,6.25,0,0,0,0,0,0,1,0,0,0,2023-24,5.85,5.8055,C,C
5509,D,VINA,Sassuolo,2,5.5,5.5,0,0,0,0,0,0,0,0,0,0,2023-24,5.74,5.74,C,D
5527,D,ZANOLI,Napoli,0,0.0,0.0,0,0,0,0,0,0,0,0,0,0,2023-24,6.0,6.32,B,B
5748,D,HEFTI,Genoa,2,5.75,5.75,0,0,0,0,0,0,0,0,0,0,2023-24,5.81,5.78,C,D
5750,D,OSTIGARD,Napoli,0,0.0,0.0,0,0,0,0,0,0,0,0,0,0,2023-24,5.63,5.43,D,D
5812,D,TERRACCIANO F.,Verona,2,6.5,6.5,0,0,0,0,0,0,0,0,0,0,2023-24,6.08,6.12,B,B
5848,D,EBOSELE,Udinese,2,5.5,5.5,0,0,0,0,0,0,0,0,0,0,2023-24,6.0,6.0,B,B
5856,D,SAMBIA,Salernitana,0,0.0,0.0,0,0,0,0,0,0,0,0,0,0,2023-24,5.88,5.92,C,C
6047,D,EHIZIBUE,Udinese,0,0.0,0.0,0,0,0,0,0,0,0,0,0,0,2023-24,5.79,5.93,C,C
6217,D,BISSECK,Inter,0,0.0,0.0,0,0,0,0,0,0,0,0,0,0,2023-24,,,New,New
6245,D,VOGLIACCO,Genoa,0,0.0,0.0,0,0,0,0,0,0,0,0,0,0,2023-24,,,New,New
294,D,RUGANI,Juventus,0,0.0,0.0,0,0,0,0,0,0,0,0,0,0,2023-24,5.954999999999999,6.135000000000001,B,B
358,D,DE SCIGLIO,Juventus,0,0.0,0.0,0,0,0,0,0,0,0,0,0,0,2023-24,5.983666666666666,6.055166666666667,B,B
418,D,GOLDANIGA,Cagliari,1,5.5,5.5,0,0,0,0,0,0,0,0,0,0,2023-24,5.744999999999999,5.677499999999999,C,D
464,D,FLORENZI,Milan,0,0.0,0.0,0,0,0,0,0,0,0,0,0,0,2023-24,6.050000000000001,6.28,B,B
2006,D,LIROLA,Frosinone,0,0.0,0.0,0,0,0,0,0,0,0,0,0,0,2023-24,5.8966666666666665,5.953333333333333,C,C
2016,D,FAZIO,Salernitana,1,6.0,6.5,0,0,0,0,0,0,1,1,0,0,2023-24,5.798333333333334,5.951333333333333,C,C
2104,D,BERESZYNSKI,Empoli,0,0.0,0.0,0,0,0,0,0,0,0,0,0,0,2023-24,5.722375,5.703125,C,D
2180,D,KARSDORP,Roma,2,6.0,6.0,0,0,0,0,0,0,0,0,0,0,2023-24,5.853000000000001,5.871333333333333,C,C
2192,D,BONIFAZI,Bologna,0,0.0,0.0,0,0,0,0,0,0,0,0,0,0,2023-24,5.781333333333334,5.721500000000001,C,D
4374,D,WALUKIEWICZ,Empoli,0,0.0,0.0,0,0,0,0,0,0,0,0,0,0,2023-24,5.6755,5.692,D,D
4495,D,KUMBULLA,Roma,0,0.0,0.0,0,0,0,0,0,0,0,0,0,0,2023-24,5.82,5.71,C,D
4657,D,CELIK,Roma,0,0.0,0.0,0,0,0,0,0,0,0,0,0,0,2023-24,5.81,5.69,C,D
4925,D,CARBONI A.,Monza,0,0.0,0.0,0,0,0,0,0,0,0,0,0,0,2023-24,,,New,New
5316,D,AMIONE,Verona,0,0.0,0.0,0,0,0,0,0,0,0,0,0,0,2023-24,5.69,5.63,D,D
5406,D,DI PARDO,Cagliari,2,6.0,6.0,0,0,0,0,0,0,0,0,0,0,2023-24,,,New,New
5447,D,ALTARE,Cagliari,0,0.0,0.0,0,0,0,0,0,0,0,0,0,0,2023-24,5.97,6.0,B,B
5450,D,STOJANOVIC,Empoli,0,0.0,0.0,0,0,0,0,0,0,0,0,0,0,2023-24,5.7715,5.736000000000001,C,D
5554,D,DANILIUC,Salernitana,0,0.0,0.0,0,0,0,0,0,0,0,0,0,0,2023-24,5.69,5.5,D,D
5691,D,ZIMA,Torino,1,6.0,6.0,0,0,0,0,0,0,0,0,0,0,2023-24,5.854,5.8100000000000005,C,C
5739,D,DE WINTER,Genoa,0,0.0,0.0,0,0,0,0,0,0,0,0,0,0,2023-24,5.73,5.62,C,D
5757,D,CITTADINI,Monza,0,0.0,0.0,0,0,0,0,0,0,0,0,0,0,2023-24,,,New,New
5804,D,CACACE,Empoli,2,5.25,5.0,0,0,0,0,0,0,0,1,0,0,2023-24,5.738,5.6825,C,D
5994,D,EBOSSE,Udinese,0,0.0,0.0,0,0,0,0,0,0,0,0,0,0,2023-24,5.64,5.54,D,D
6039,D,CABAL,Verona,0,0.0,0.0,0,0,0,0,0,0,0,0,0,0,2023-24,5.89,5.72,C,D
6465,D,TOUBA,Lecce,0,0.0,0.0,0,0,0,0,0,0,0,0,0,0,2023-24,,,New,New
6474,D,SAZONOV,Torino,0,0.0,0.0,0,0,0,0,0,0,0,0,0,0,2023-24,,,New,New
487,D,DE SILVESTRI,Bologna,0,0.0,0.0,0,0,0,0,0,0,0,0,0,0,2023-24,5.921375,6.090625,B,B
4432,D,OKOLI,Frosinone,0,0.0,0.0,0,0,0,0,0,0,0,0,0,0,2023-24,5.71,5.61,C,D
5017,D,BALLO-TOURE',Milan,0,0.0,0.0,0,0,0,0,0,0,0,0,0,0,2023-24,,,New,New
5686,D,SOPPY,Torino,0,0.0,0.0,0,0,0,0,0,0,0,0,0,0,2023-24,5.843500000000001,5.847,C,C
5695,D,HAPS,Genoa,0,0.0,0.0,0,0,0,0,0,0,0,0,0,0,2023-24,5.84,5.88,C,C
5764,D,COPPOLA D.,Verona,1,6.0,6.0,0,0,0,0,0,0,0,0,0,0,2023-24,5.81,5.66,C,D
6028,D,BRONN,Salernitana,0,0.0,0.0,0,0,0,0,0,0,0,0,0,0,2023-24,5.57,5.43,D,D
6043,D,SOSA,Bologna,0,0.0,0.0,0,0,0,0,0,0,0,0,0,0,2023-24,5.39,5.28,D,D
6189,D,MISSORI,Sassuolo,1,5.5,5.5,0,0,0,0,0,0,0,0,0,0,2023-24,,,New,New
6235,D,KAYODE,Fiorentina,1,7.0,7.0,0,0,0,0,0,0,0,0,0,0,2023-24,,,New,New
6238,D,OYONO,Frosinone,2,5.75,5.5,0,0,0,0,0,0,0,1,0,0,2023-24,,,New,New
6256,D,FERREIRA J.,Udinese,2,5.5,5.25,0,0,0,0,0,0,0,1,0,0,2023-24,,,New,New
6257,D,DORGU,Lecce,2,6.0,5.75,0,0,0,0,0,0,0,1,0,0,2023-24,,,New,New
6401,D,GONZALEZ F.,Juventus,0,0.0,0.0,0,0,0,0,0,0,0,0,0,0,2023-24,,,New,New
6407,D,CORAZZA,Bologna,1,5.5,5.5,0,0,0,0,0,0,0,0,0,0,2023-24,,,New,New
6485,D,KRISTENSEN T.,Udinese,0,0.0,0.0,0,0,0,0,0,0,0,0,0,0,2023-24,,,New,New
139,D,DERMAKU,Lecce,0,0.0,0.0,0,0,0,0,0,0,0,0,0,0,2023-24,,,New,New
144,D,TONELLI,Empoli,0,0.0,0.0,0,0,0,0,0,0,0,0,0,0,2023-24,5.763333333333334,5.590000000000001,C,D
454,D,CAPRADOSSI,Cagliari,0,0.0,0.0,0,0,0,0,0,0,0,0,0,0,2023-24,,,New,New
1876,D,PAJAC,Genoa,0,0.0,0.0,0,0,0,0,0,0,0,0,0,0,2023-24,6.0,6.35,B,A
5399,D,ANTOV,Monza,0,0.0,0.0,0,0,0,0,0,0,0,0,0,0,2023-24,,,New,New
5424,D,AMEY,Bologna,0,0.0,0.0,0,0,0,0,0,0,0,0,0,0,2023-24,,,New,New
5833,D,GILA,Lazio,0,0.0,0.0,0,0,0,0,0,0,0,0,0,0,2023-24,,,New,New
6021,D,ABANKWAH,Udinese,0,0.0,0.0,0,0,0,0,0,0,0,0,0,0,2023-24,,,New,New
6023,D,GUESSAND A.,Udinese,0,0.0,0.0,0,0,0,0,0,0,0,0,0,0,2023-24,,,New,New
6056,D,GUARINO,Empoli,0,0.0,0.0,0,0,0,0,0,0,0,0,0,0,2023-24,,,New,New
6149,D,CARBONI F.,Monza,0,0.0,0.0,0,0,0,0,0,0,0,0,0,0,2023-24,,,New,New
6208,D,FLAMINGO,Sassuolo,0,0.0,0.0,0,0,0,0,0,0,0,0,0,0,2023-24,,,New,New
6223,D,SMAJLOVIC,Lecce,0,0.0,0.0,0,0,0,0,0,0,0,0,0,0,2023-24,,,New,New
6237,D,SZYMINSKI,Frosinone,0,0.0,0.0,0,0,0,0,0,0,0,0,0,0,2023-24,,,New,New
6239,D,KLITTEN,Frosinone,0,0.0,0.0,0,0,0,0,0,0,0,0,0,0,2023-24,,,New,New
6244,D,MATTURRO,Genoa,0,0.0,0.0,0,0,0,0,0,0,0,0,0,0,2023-24,,,New,New
6253,D,N'GUESSAN,Torino,0,0.0,0.0,0,0,0,0,0,0,0,0,0,0,2023-24,,,New,New
6411,D,MATEUS LUSUARDI,Frosinone,0,0.0,0.0,0,0,0,0,0,0,0,0,0,0,2023-24,,,New,New
6430,D,KALAJ,Frosinone,0,0.0,0.0,0,0,0,0,0,0,0,0,0,0,2023-24,,,New,New
6432,D,PIEROZZI,Fiorentina,0,0.0,0.0,0,0,0,0,0,0,0,0,0,0,2023-24,,,New,New
6433,D,HUIJSEN,Juventus,0,0.0,0.0,0,0,0,0,0,0,0,0,0,0,2023-24,,,New,New
6460,D,PELLEGRINO,Milan,0,0.0,0.0,0,0,0,0,0,0,0,0,0,0,2023-24,,,New,New
632,C,ZACCAGNI,Lazio,2,6.0,5.75,0,0,0,0,0,0,0,1,0,0,2023-24,6.408,7.121,A,A
5685,C,KOOPMEINERS,Atalanta,2,6.25,6.25,0,0,0,0,0,0,0,0,0,0,2023-24,6.327,6.854000000000001,A,A
335,C,FELIPE ANDERSON,Lazio,2,5.25,5.25,0,0,0,0,0,0,0,0,0,0,2023-24,6.261000000000001,7.0165,A,A
2379,C,RABIOT,Juventus,2,6.5,7.75,1,0,0,0,0,0,0,1,0,0,2023-24,6.00025,6.4030000000000005,B,B
2085,C,LUIS ALBERTO,Lazio,2,6.25,6.75,0,0,0,0,0,0,1,0,0,0,2023-24,6.272625000000001,6.96025,A,A
152,C,ZIELINSKI,Napoli,2,6.5,6.5,0,0,0,0,0,0,0,0,0,0,2023-24,6.24225,6.753000000000001,A,B
1870,C,BARELLA,Inter,2,6.25,6.25,0,0,0,0,0,0,0,0,0,0,2023-24,6.260000000000002,6.671625,A,B
2167,C,ORSOLINI,Bologna,2,5.75,5.75,0,0,0,0,0,0,0,0,0,0,2023-24,6.0885,6.834250000000001,B,A
2423,C,PULISIC,Milan,2,7.25,10.25,2,0,0,0,0,0,0,0,0,0,2023-24,,,New,New
4856,C,CHUKWUEZE,Milan,2,6.0,6.0,0,0,0,0,0,0,0,0,0,0,2023-24,,,New,New
5858,C,FERGUSON,Bologna,2,6.5,8.0,1,0,0,0,0,0,0,0,0,0,2023-24,6.24,6.85,A,A
332,C,CANDREVA,Salernitana,2,7.25,10.5,2,0,0,0,0,0,1,1,0,0,2023-24,6.160500000000001,6.709874999999999,B,B
2848,C,FRATTESI,Inter,1,6.0,6.0,0,0,0,0,0,0,0,0,0,0,2023-24,6.1610000000000005,6.5535000000000005,B,B
4486,C,STREFEZZA,Lecce,2,5.75,5.5,0,0,0,0,0,0,0,1,0,0,2023-24,6.31,6.97,A,A
5119,C,SAMARDZIC,Udinese,2,6.5,8.0,1,0,0,0,0,0,0,0,0,0,2023-24,6.088500000000001,6.667000000000001,B,B
5687,C,VLASIC,Torino,2,5.25,5.25,0,0,0,0,0,0,0,0,0,0,2023-24,6.22,6.82,A,A
795,C,EL SHAARAWY,Roma,2,6.25,6.25,0,0,0,0,0,0,0,0,0,0,2023-24,6.123875000000001,6.8420000000000005,B,A
2194,C,CALHANOGLU,Inter,2,6.5,6.5,0,0,0,0,0,0,0,0,0,0,2023-24,6.265125,6.763375000000001,A,B
4142,C,AOUAR,Roma,2,6.75,8.0,1,0,0,0,0,0,0,1,0,0,2023-24,,,New,New
4427,C,MALINOVSKYI,Genoa,1,5.5,5.0,0,0,0,0,0,0,0,1,0,0,2023-24,6.17875,6.809,B,A
367,C,BONAVENTURA,Fiorentina,2,6.75,8.5,1,0,0,0,0,0,1,1,0,0,2023-24,6.1606250000000005,6.721,B,B
530,C,PELLEGRINI LO.,Roma,1,6.0,5.5,0,0,0,0,0,0,0,1,0,0,2023-24,6.085500000000001,6.539000000000001,B,B
536,C,POLITANO,Napoli,2,6.75,8.25,1,0,0,0,0,0,0,0,0,0,2023-24,6.171874999999999,6.644500000000001,B,B
4479,C,ELMAS,Napoli,1,6.0,6.0,0,0,0,0,0,0,0,0,0,0,2023-24,6.06475,6.48925,B,B
5800,C,GUDMUNDSSON A.,Genoa,2,6.75,6.75,0,0,0,0,0,0,0,0,0,0,2023-24,5.68,5.82,D,D
5823,C,BALDANZI,Empoli,2,6.0,5.75,0,0,0,0,0,0,0,1,0,0,2023-24,6.15,6.58,B,B
5850,C,LOVRIC,Udinese,2,6.0,5.75,0,0,0,0,0,0,0,1,0,0,2023-24,6.18,6.71,B,B
5949,C,LINDSTROM,Napoli,0,0.0,0.0,0,0,0,0,0,0,0,0,0,0,2023-24,,,New,New
236,C,LAZOVIC,Verona,0,0.0,0.0,0,0,0,0,0,0,0,0,0,0,2023-24,6.152375,6.556,B,B
2741,C,PESSINA,Monza,2,5.75,5.75,0,0,0,0,0,0,0,0,0,0,2023-24,6.098750000000001,6.399500000000001,B,B
4199,C,LOFTUS-CHEEK,Milan,2,6.5,7.0,0,0,0,0,0,0,1,0,0,0,2023-24,,,New,New
4220,C,ZAMBO ANGUISSA,Napoli,2,6.25,6.25,0,0,0,0,0,0,0,0,0,0,2023-24,6.266500000000001,6.391,A,B
4711,C,KOSTIC,Juventus,0,0.0,0.0,0,0,0,0,0,0,0,0,0,0,2023-24,6.11,6.6,B,B
5880,C,CIURRIA,Monza,2,6.0,6.5,0,0,0,0,0,0,1,0,0,0,2023-24,6.19,6.81,B,A
5948,C,KAMADA,Lazio,2,5.5,5.5,0,0,0,0,0,0,0,0,0,0,2023-24,,,New,New
2077,C,PASALIC,Atalanta,1,5.5,5.5,0,0,0,0,0,0,0,0,0,0,2023-24,6.016,6.7363333333333335,B,B
2529,C,MKHITARYAN,Inter,2,6.25,6.0,0,0,0,0,0,0,0,1,0,0,2023-24,6.19075,6.8795,B,A
2543,C,RENATO SANCHES,Roma,1,6.0,6.0,0,0,0,0,0,0,0,0,0,0,2023-24,,,New,New
4186,C,GUENDOUZI,Lazio,0,0.0,0.0,0,0,0,0,0,0,0,0,0,0,2023-24,,,New,New
4287,C,LOBOTKA,Napoli,2,6.0,5.75,0,0,0,0,0,0,0,1,0,0,2023-24,6.2765,6.362,A,B
4465,C,FAGIOLI,Juventus,2,5.5,5.5,0,0,0,0,0,0,0,0,0,0,2023-24,6.13,6.59,B,B
5451,C,BAJRAMI,Sassuolo,2,5.75,5.75,0,0,0,0,0,0,0,0,0,0,2023-24,6.061,6.4885,B,B
5453,C,RICCI S.,Torino,2,5.75,5.75,0,0,0,0,0,0,0,0,0,0,2023-24,6.006,6.1075,B,C
6224,C,REIJNDERS,Milan,2,6.5,7.0,0,0,0,0,0,0,1,0,0,0,2023-24,,,New,New
303,C,POGBA,Juventus,1,6.0,6.0,0,0,0,0,0,0,0,0,0,0,2023-24,,,New,New
4658,C,IKONE',Fiorentina,0,0.0,0.0,0,0,0,0,0,0,0,0,0,0,2023-24,5.942,6.2485,C,B
4869,C,DOMINGUEZ,Bologna,2,5.75,5.75,0,0,0,0,0,0,0,0,0,0,2023-24,6.106000000000001,6.17225,B,C
5007,C,ILIC,Torino,2,5.75,5.5,0,0,0,0,0,0,0,1,0,0,2023-24,6.024249999999999,6.20525,B,B
5564,C,NDOYE,Bologna,2,6.25,6.25,0,0,0,0,0,0,0,0,0,0,2023-24,,,New,New
5878,C,COLPANI,Monza,2,7.25,10.25,2,0,0,0,0,0,0,0,0,0,2023-24,6.1,6.62,B,B
22,C,DE ROON,Atalanta,2,5.75,5.5,0,0,0,0,0,0,0,1,0,0,2023-24,6.038125000000001,6.159625000000001,B,C
150,C,SAPONARA,Verona,1,6.0,6.0,0,0,0,0,0,0,0,0,0,0,2023-24,6.116375000000001,6.587624999999999,B,B
827,C,LOCATELLI,Juventus,2,5.75,5.5,0,0,0,0,0,0,0,1,0,0,2023-24,6.110125,6.174875000000001,B,C
2172,C,BARAK,Fiorentina,0,0.0,0.0,0,0,0,0,0,0,0,0,0,0,2023-24,5.997833333333334,6.506333333333334,C,B
5063,C,RADONJIC,Torino,2,5.75,5.75,0,0,0,0,0,0,0,0,0,0,2023-24,6.19,6.54,B,B
5792,C,EDERSON D.S.,Atalanta,2,6.5,7.0,0,0,0,0,0,0,1,0,0,0,2023-24,6.0665000000000004,6.2585,B,B
779,C,CRISTANTE,Roma,2,6.25,6.25,0,0,0,0,0,0,0,0,0,0,2023-24,5.9625,6.042625,C,C
1933,C,MANDRAGORA,Fiorentina,2,6.25,7.75,1,0,0,0,0,0,0,0,0,0,2023-24,5.969875,6.119375,C,C
4662,C,WEAH,Juventus,2,6.0,6.0,0,0,0,0,0,0,0,0,0,0,2023-24,,,New,New
5870,C,HJULMAND,Lecce,0,0.0,0.0,0,0,0,0,0,0,0,0,0,0,2023-24,6.1,6.03,B,C
2528,C,MATIC,Roma,0,0.0,0.0,0,0,0,0,0,0,0,0,0,0,2023-24,6.16,6.32,B,B
2818,C,BENNACER,Milan,0,0.0,0.0,0,0,0,0,0,0,0,0,0,0,2023-24,6.087000000000001,6.199666666666667,B,C
4342,C,DUDA,Verona,2,7.0,9.25,1,0,0,0,0,0,2,1,0,0,2023-24,5.82,5.68,C,D
4377,C,CASTROVILLI,Fiorentina,0,0.0,0.0,0,0,0,0,0,0,0,0,0,0,2023-24,6.036000000000001,6.3805000000000005,B,B
4404,C,THORSBY,Genoa,2,5.25,5.25,0,0,0,0,0,0,0,0,0,0,2023-24,5.944999999999999,6.089999999999999,C,C
5001,C,MIRANCHUK,Atalanta,0,0.0,0.0,0,0,0,0,0,0,0,0,0,0,2023-24,6.133750000000001,6.78225,B,B
5295,C,MUSAH,Milan,1,6.0,6.0,0,0,0,0,0,0,0,0,0,0,2023-24,,,New,New
5511,C,MATHEUS HENRIQUE,Sassuolo,2,5.75,5.75,0,0,0,0,0,0,0,0,0,0,2023-24,5.889,6.0115,C,C
6216,C,MBOULA,Verona,1,5.5,5.5,0,0,0,0,0,0,0,0,0,0,2023-24,,,New,New
376,C,VERDI,Torino,0,0.0,0.0,0,0,0,0,0,0,0,0,0,0,2023-24,6.052125,6.74125,B,B
2839,C,SOTTIL,Fiorentina,2,5.75,5.75,0,0,0,0,0,0,0,0,0,0,2023-24,5.99475,6.22775,C,B
4285,C,ARTHUR MELO,Fiorentina,2,6.5,7.0,0,0,0,0,0,0,1,0,0,0,2023-24,,,New,New
4393,C,SCHOUTEN,Bologna,0,0.0,0.0,0,0,0,0,0,0,0,0,0,0,2023-24,5.953500000000001,5.95575,C,D
4514,C,NANDEZ,Cagliari,2,6.25,6.25,0,0,0,0,0,0,0,0,0,0,2023-24,6.055000000000001,6.125,B,C
4965,C,MARIN,Empoli,2,6.0,6.0,0,0,0,0,0,0,0,0,0,0,2023-24,5.960750000000001,6.156000000000001,C,C
4970,C,MESSIAS,Genoa,0,0.0,0.0,0,0,0,0,0,0,0,0,0,0,2023-24,6.066000000000001,6.72175,B,B
4973,C,MCKENNIE,Juventus,1,6.0,6.0,0,0,0,0,0,0,0,0,0,0,2023-24,5.96125,6.327500000000001,C,B
5093,C,REINIER,Frosinone,0,0.0,0.0,0,0,0,0,0,0,0,0,0,0,2023-24,,,New,New
5422,C,ZALEWSKI,Roma,2,5.75,5.75,0,0,0,0,0,0,0,0,0,0,2023-24,5.9085,5.9675,C,D
5504,C,COULIBALY L.,Salernitana,2,6.0,6.0,0,0,0,0,0,0,0,0,0,0,2023-24,5.9115,5.960500000000001,C,D
5688,C,HARROUI,Frosinone,2,7.0,10.0,2,0,0,1,1,0,0,0,0,0,2023-24,5.8629999999999995,5.9430000000000005,C,D
5788,C,SABIRI,Fiorentina,0,0.0,0.0,0,0,0,0,0,0,0,0,0,0,2023-24,5.9835,6.3985,C,B
5995,C,DE KETELAERE,Atalanta,2,6.25,7.75,1,0,0,0,0,0,0,0,0,0,2023-24,5.74,5.74,D,D
333,C,CATALDI,Lazio,2,6.0,5.75,0,0,0,0,0,0,0,1,0,0,2023-24,5.914,5.9575000000000005,C,D
468,C,PAREDES,Roma,2,5.75,6.25,0,0,0,0,0,0,1,0,0,0,2023-24,5.78,5.78,D,D
526,C,DUNCAN,Fiorentina,1,7.0,11.0,1,0,0,0,0,0,1,0,0,0,2023-24,5.8855,6.013250000000001,C,C
788,C,FREULER,Bologna,0,0.0,0.0,0,0,0,0,0,0,0,0,0,0,2023-24,6.139999999999999,6.3125,B,B
801,C,GAGLIARDINI,Monza,2,6.25,6.25,0,0,0,0,0,0,0,0,0,0,2023-24,5.829000000000001,5.983875,C,D
1987,C,JANKTO,Cagliari,2,6.0,6.0,0,0,0,0,0,0,0,0,0,0,2023-24,5.83,6.129999999999999,C,C
2117,C,KASTANOS,Salernitana,2,5.75,5.5,0,0,0,0,0,0,0,1,0,0,2023-24,5.954000000000001,6.057,C,C
2392,C,WALACE,Udinese,2,5.75,5.5,0,0,0,0,0,0,0,1,0,0,2023-24,5.9225,5.868,C,D
4681,C,LOPEZ M.,Sassuolo,2,5.0,4.5,0,0,0,0,0,0,0,0,1,0,2023-24,5.954750000000001,5.90125,C,D
4890,C,TAMEZE,Torino,0,0.0,0.0,0,0,0,0,0,0,0,0,0,0,2023-24,5.961250000000001,6.034,C,C
4992,C,GYASI,Empoli,2,5.25,5.25,0,0,0,0,0,0,0,0,0,0,2023-24,5.825,6.042,C,C
6054,C,MORO N.,Bologna,2,6.25,6.25,0,0,0,0,0,0,0,0,0,0,2023-24,6.04,6.3,B,B
65,C,MANCOSU,Cagliari,0,0.0,0.0,0,0,0,0,0,0,0,0,0,0,2023-24,,,New,New
148,C,KRUNIC,Milan,2,6.25,6.0,0,0,0,0,0,0,0,1,0,0,2023-24,5.979333333333335,6.060166666666667,C,C
181,C,VECINO,Lazio,2,5.75,5.75,0,0,0,0,0,0,0,0,0,0,2023-24,5.937166666666667,6.1105,C,C
470,C,STROOTMAN,Genoa,1,6.0,6.0,0,0,0,0,0,0,0,0,0,0,2023-24,5.909999999999999,5.84,C,D
1978,C,SENSI,Inter,0,0.0,0.0,0,0,0,0,0,0,0,0,0,0,2023-24,6.0062500000000005,6.1995000000000005,B,C
4522,C,AMRABAT,Fiorentina,0,0.0,0.0,0,0,0,0,0,0,0,0,0,0,2023-24,5.989000000000001,5.889500000000001,C,D
4947,C,BRESCIANINI,Frosinone,2,6.0,6.0,0,0,0,0,0,0,0,0,0,0,2023-24,,,New,New
5791,C,FRENDRUP,Genoa,2,6.0,6.25,0,0,0,0,0,0,1,1,0,0,2023-24,5.8,5.75,C,D
5844,C,THORSTVEDT,Sassuolo,2,5.75,5.75,0,0,0,0,0,0,0,0,0,0,2023-24,6.0,6.2,B,B
5869,C,BLIN,Lecce,1,6.0,6.0,0,0,0,0,0,0,0,0,0,0,2023-24,5.94,5.91,C,D
5999,C,GONZALEZ J.,Lecce,2,5.5,5.25,0,0,0,0,0,0,0,1,0,0,2023-24,5.96,5.91,C,D
6010,C,FAZZINI,Empoli,1,5.5,5.5,0,0,0,0,0,0,0,0,0,0,2023-24,5.9,5.8,C,D
6061,C,OUDIN,Lecce,0,0.0,0.0,0,0,0,0,0,0,0,0,0,0,2023-24,5.98,6.3,C,B
6112,C,ILING JUNIOR,Juventus,2,6.25,6.75,0,0,0,0,0,0,1,0,0,0,2023-24,6.19,6.62,B,B
6394,C,RAMADANI,Lecce,2,6.0,6.0,0,0,0,0,0,0,0,0,0,0,2023-24,,,New,New
6402,C,CAJUSTE ,Napoli,1,5.0,4.5,0,0,0,0,0,0,0,1,0,0,2023-24,,,New,New
6410,C,KABA,Lecce,2,6.0,6.0,0,0,0,0,0,0,0,0,0,0,2023-24,,,New,New
27,C,GRASSI,Empoli,1,5.5,5.0,0,0,0,0,0,0,0,1,0,0,2023-24,5.9236666666666675,5.897666666666666,C,D
170,C,BADELJ,Genoa,2,5.75,5.75,0,0,0,0,0,0,0,0,0,0,2023-24,5.919999999999999,5.9350000000000005,C,D
666,C,MACHIN,Monza,1,6.0,6.0,0,0,0,0,0,0,0,0,0,0,2023-24,5.9,5.9,C,D
2008,C,LINETTY,Torino,2,5.75,5.5,0,0,0,0,0,0,0,1,0,0,2023-24,5.910125000000001,5.9575,C,D
2692,C,CASTILLEJO,Sassuolo,0,0.0,0.0,0,0,0,0,0,0,0,0,0,0,2023-24,5.915,6.234999999999999,C,B
5298,C,POBEGA,Milan,1,6.0,6.0,0,0,0,0,0,0,0,0,0,0,2023-24,6.081,6.48375,B,B
5423,C,BOVE,Roma,1,6.0,6.0,0,0,0,0,0,0,0,0,0,0,2023-24,6.03,6.15,B,C
5499,C,HONGLA,Verona,2,6.0,6.0,0,0,0,0,0,0,0,0,0,0,2023-24,5.734,5.682,D,D
5784,C,AEBISCHER,Bologna,2,6.0,5.75,0,0,0,0,0,0,0,1,0,0,2023-24,5.875500000000001,5.8505,C,D
5813,C,MIRETTI,Juventus,1,6.0,6.0,0,0,0,0,0,0,0,0,0,0,2023-24,5.96,6.02,C,C
6219,C,BOLOCA,Sassuolo,1,5.0,5.0,0,0,0,0,0,0,0,0,0,0,2023-24,,,New,New
6222,C,RAFIA,Lecce,2,6.25,7.75,1,0,0,0,0,0,0,0,0,0,2023-24,,,New,New
6232,C,MAKOUMBOU,Cagliari,2,5.75,5.75,0,0,0,0,0,0,0,0,0,0,2023-24,,,New,New
6448,C,MARTEGANI,Salernitana,1,6.5,6.5,0,0,0,0,0,0,0,0,0,0,2023-24,,,New,New
6458,C,SERDAR,Verona,1,6.0,6.0,0,0,0,0,0,0,0,0,0,0,2023-24,,,New,New
694,C,BAEZ,Frosinone,2,6.25,6.25,0,0,0,0,0,0,0,0,0,0,2023-24,,,New,New
1871,C,DEIOLA,Cagliari,0,0.0,0.0,0,0,0,0,0,0,0,0,0,0,2023-24,5.7875000000000005,5.7925,D,D
1976,C,MAZZITELLI,Frosinone,2,5.75,5.5,0,0,0,0,0,0,0,1,0,0,2023-24,5.73,5.62,D,D
1980,C,ARAMU,Genoa,0,0.0,0.0,0,0,0,0,0,0,0,0,0,0,2023-24,6.14,6.77,B,B
2161,C,HAAS,Empoli,1,5.5,5.0,0,0,0,0,0,0,0,1,0,0,2023-24,5.88,5.9325,C,D
2183,C,GARRITANO,Frosinone,1,6.5,6.5,0,0,0,0,0,0,0,0,0,0,2023-24,5.94,5.94,C,D
2825,C,BOURABIA,Frosinone,0,0.0,0.0,0,0,0,0,0,0,0,0,0,0,2023-24,5.911833333333334,6.0440000000000005,C,C
4459,C,ROVELLA,Lazio,0,0.0,0.0,0,0,0,0,0,0,0,0,0,0,2023-24,6.02575,6.05825,B,C
4787,C,QUINA,Udinese,0,0.0,0.0,0,0,0,0,0,0,0,0,0,0,2023-24,,,New,New
4892,C,SAELEMAEKERS,Bologna,0,0.0,0.0,0,0,0,0,0,0,0,0,0,0,2023-24,5.94575,6.159000000000001,C,C
4896,C,MALDINI,Empoli,0,0.0,0.0,0,0,0,0,0,0,0,0,0,0,2023-24,6.07,6.43,B,B
5267,C,RACIC,Sassuolo,1,6.0,6.0,0,0,0,0,0,0,0,0,0,0,2023-24,,,New,New
5397,C,KOVALENKO,Empoli,0,0.0,0.0,0,0,0,0,0,0,0,0,0,0,2023-24,5.8870000000000005,5.984500000000001,C,D
5457,C,MALEH,Empoli,0,0.0,0.0,0,0,0,0,0,0,0,0,0,0,2023-24,5.953,6.035,C,C
5510,C,ROMERO L.,Milan,0,0.0,0.0,0,0,0,0,0,0,0,0,0,0,2023-24,,,New,New
5674,C,BASIC,Lazio,0,0.0,0.0,0,0,0,0,0,0,0,0,0,0,2023-24,5.9175,6.015000000000001,C,C
5719,C,ASLLANI,Inter,0,0.0,0.0,0,0,0,0,0,0,0,0,0,0,2023-24,5.964,6.026,C,C
5798,C,BOHINEN,Salernitana,1,6.0,6.0,0,0,0,0,0,0,0,0,0,0,2023-24,5.891500000000001,5.809,C,D
5834,C,MARCOS ANTONIO,Lazio,0,0.0,0.0,0,0,0,0,0,0,0,0,0,0,2023-24,6.0,6.25,B,B
5884,C,RANOCCHIA F.,Empoli,0,0.0,0.0,0,0,0,0,0,0,0,0,0,0,2023-24,6.17,6.42,B,B
6024,C,SULEMANA I.,Cagliari,2,5.75,5.75,0,0,0,0,0,0,0,0,0,0,2023-24,5.92,5.77,C,D
6206,C,FABBIAN,Bologna,0,0.0,0.0,0,0,0,0,0,0,0,0,0,0,2023-24,,,New,New
6218,C,ORISTANIO,Cagliari,2,5.75,5.75,0,0,0,0,0,0,0,0,0,0,2023-24,,,New,New
6393,C,INFANTINO,Fiorentina,0,0.0,0.0,0,0,0,0,0,0,0,0,0,0,2023-24,,,New,New
6479,C,KUTLU,Genoa,0,0.0,0.0,0,0,0,0,0,0,0,0,0,0,2023-24,,,New,New
6480,C,TCHATCHOUA,Verona,0,0.0,0.0,0,0,0,0,0,0,0,0,0,0,2023-24,,,New,New
4364,C,GAETANO,Napoli,0,0.0,0.0,0,0,0,0,0,0,0,0,0,0,2023-24,,,New,New
4384,C,JAGIELLO,Genoa,1,5.0,5.0,0,0,0,0,0,0,0,0,0,0,2023-24,,,New,New
4498,C,HENDERSON L.,Empoli,0,0.0,0.0,0,0,0,0,0,0,0,0,0,0,2023-24,5.923500000000001,5.9670000000000005,C,D
4501,C,OBIANG,Sassuolo,0,0.0,0.0,0,0,0,0,0,0,0,0,0,0,2023-24,5.8635,5.788,C,D
4870,C,ADOPO,Atalanta,1,6.5,7.5,0,0,0,0,0,0,1,0,0,0,2023-24,,,New,New
4988,C,MAGGIORE,Salernitana,1,6.0,5.5,0,0,0,0,0,0,0,1,0,0,2023-24,5.954000000000001,6.0325000000000015,C,C
5286,C,AKPA AKPRO,Monza,0,0.0,0.0,0,0,0,0,0,0,0,0,0,0,2023-24,5.996,5.901000000000001,C,D
5735,C,VOLPATO,Sassuolo,0,0.0,0.0,0,0,0,0,0,0,0,0,0,0,2023-24,,,New,New
5782,C,KOURFALIDIS,Cagliari,0,0.0,0.0,0,0,0,0,0,0,0,0,0,0,2023-24,,,New,New
5919,C,TCHAOUNA,Salernitana,0,0.0,0.0,0,0,0,0,0,0,0,0,0,0,2023-24,,,New,New
5947,C,HRUSTIC,Verona,0,0.0,0.0,0,0,0,0,0,0,0,0,0,0,2023-24,,,New,New
6212,C,ZARRAGA,Udinese,1,5.0,5.0,0,0,0,0,0,0,0,0,0,0,2023-24,,,New,New
6221,C,CAMARA E.,Udinese,0,0.0,0.0,0,0,0,0,0,0,0,0,0,0,2023-24,,,New,New
6252,C,FOLORUNSHO,Verona,2,6.25,6.25,0,0,0,0,0,0,0,0,0,0,2023-24,,,New,New
440,C,VIOLA,Cagliari,0,0.0,0.0,0,0,0,0,0,0,0,0,0,0,2023-24,6.055000000000001,6.675000000000001,B,B
500,C,LULIC K.,Frosinone,0,0.0,0.0,0,0,0,0,0,0,0,0,0,0,2023-24,,,New,New
2144,C,COULIBALY M.,Salernitana,0,0.0,0.0,0,0,0,0,0,0,0,0,0,0,2023-24,6.08,6.54,B,B
2154,C,VIGNATO,Bologna,0,0.0,0.0,0,0,0,0,0,0,0,0,0,0,2023-24,5.983499999999999,6.251,C,B
2274,C,VALOTI,Monza,0,0.0,0.0,0,0,0,0,0,0,0,0,0,0,2023-24,5.73,5.890000000000001,D,D
4349,C,NICOLUSSI CAVIGLIA,Juventus,0,0.0,0.0,0,0,0,0,0,0,0,0,0,0,2023-24,5.73,5.91,D,D
6106,C,CARBONI V.,Monza,0,0.0,0.0,0,0,0,0,0,0,0,0,0,0,2023-24,,,New,New
6175,C,BARRENECHEA,Frosinone,1,6.5,6.0,0,0,0,0,0,0,0,1,0,0,2023-24,,,New,New
6203,C,BELARDINELLI,Empoli,0,0.0,0.0,0,0,0,0,0,0,0,0,0,0,2023-24,,,New,New
6225,C,EL AZZOUZI,Bologna,1,6.0,6.0,0,0,0,0,0,0,0,0,0,0,2023-24,,,New,New
6241,C,GELLI,Frosinone,2,5.75,5.5,0,0,0,0,0,0,0,1,0,0,2023-24,,,New,New
6424,C,PRATI,Cagliari,0,0.0,0.0,0,0,0,0,0,0,0,0,0,0,2023-24,,,New,New
21,C,D'ALESSANDRO,Monza,0,0.0,0.0,0,0,0,0,0,0,0,0,0,0,2023-24,6.075,6.175,B,C
557,C,BENASSI,Fiorentina,0,0.0,0.0,0,0,0,0,0,0,0,0,0,0,2023-24,5.827333333333334,5.980666666666667,C,D
2076,C,ROG,Cagliari,0,0.0,0.0,0,0,0,0,0,0,0,0,0,0,2023-24,5.893333333333333,5.973333333333334,C,D
2121,C,MELEGONI,Genoa,0,0.0,0.0,0,0,0,0,0,0,0,0,0,0,2023-24,6.005000000000001,6.03,B,C
2286,C,CROCIATA,Empoli,0,0.0,0.0,0,0,0,0,0,0,0,0,0,0,2023-24,5.94,6.28,C,B
4725,C,DEMME,Napoli,0,0.0,0.0,0,0,0,0,0,0,0,0,0,0,2023-24,6.0649999999999995,6.225,B,B
5425,C,URBANSKI,Bologna,0,0.0,0.0,0,0,0,0,0,0,0,0,0,0,2023-24,,,New,New
5772,C,PYYHTIA,Bologna,0,0.0,0.0,0,0,0,0,0,0,0,0,0,0,2023-24,,,New,New
5824,C,PAFUNDI,Udinese,0,0.0,0.0,0,0,0,0,0,0,0,0,0,0,2023-24,,,New,New
5872,C,HELGASON,Lecce,0,0.0,0.0,0,0,0,0,0,0,0,0,0,0,2023-24,,,New,New
5875,C,ADLI,Milan,0,0.0,0.0,0,0,0,0,0,0,0,0,0,0,2023-24,,,New,New
5879,C,VIGNATO S.,Monza,0,0.0,0.0,0,0,0,0,0,0,0,0,0,0,2023-24,,,New,New
5998,C,ZERBIN,Napoli,0,0.0,0.0,0,0,0,0,0,0,0,0,0,0,2023-24,,,New,New
6005,C,ILKHAN,Torino,0,0.0,0.0,0,0,0,0,0,0,0,0,0,0,2023-24,,,New,New
6009,C,DEGLI INNOCENTI,Empoli,0,0.0,0.0,0,0,0,0,0,0,0,0,0,0,2023-24,,,New,New
6168,C,FATICANTI,Lecce,0,0.0,0.0,0,0,0,0,0,0,0,0,0,0,2023-24,,,New,New
6170,C,GINEITIS,Torino,0,0.0,0.0,0,0,0,0,0,0,0,0,0,0,2023-24,,,New,New
6233,C,LELLA,Cagliari,0,0.0,0.0,0,0,0,0,0,0,0,0,0,0,2023-24,,,New,New
6236,C,AMATUCCI,Fiorentina,0,0.0,0.0,0,0,0,0,0,0,0,0,0,0,2023-24,,,New,New
6240,C,HAOUDI,Frosinone,0,0.0,0.0,0,0,0,0,0,0,0,0,0,0,2023-24,,,New,New
6246,C,LIPANI,Sassuolo,0,0.0,0.0,0,0,0,0,0,0,0,0,0,0,2023-24,,,New,New
6251,C,SACO,Napoli,0,0.0,0.0,0,0,0,0,0,0,0,0,0,0,2023-24,,,New,New
6254,C,JOSELITO,Verona,0,0.0,0.0,0,0,0,0,0,0,0,0,0,0,2023-24,,,New,New
6420,C,PAGANO,Roma,0,0.0,0.0,0,0,0,0,0,0,0,0,0,0,2023-24,,,New,New
6423,C,LEGOWSKI,Salernitana,0,0.0,0.0,0,0,0,0,0,0,0,0,0,0,2023-24,,,New,New
4661,A,OSIMHEN,Napoli,2,7.5,12.0,3,0,0,1,1,0,0,0,0,0,2023-24,6.5512500000000005,8.392000000000001,A,A
2764,A,MARTINEZ L.,Inter,2,7.5,11.75,3,0,0,0,0,0,0,1,0,0,2023-24,6.355833333333334,7.839166666666667,A,A
785,A,IMMOBILE,Lazio,2,5.75,7.0,1,0,0,0,0,0,0,1,0,0,2023-24,6.284625,7.948875,A,A
2531,A,LUKAKU,Roma,0,0.0,0.0,0,0,0,0,0,0,0,0,0,0,2023-24,6.4545,8.336500000000001,A,A
4510,A,RAFAEL LEAO,Milan,2,6.75,7.25,0,0,0,0,0,0,1,0,0,0,2023-24,6.39025,7.575500000000001,A,A
5839,A,KVARATSKHELIA,Napoli,1,6.5,7.5,0,0,0,0,0,0,1,0,0,0,2023-24,6.62,7.96,A,A
2841,A,VLAHOVIC,Juventus,2,7.0,10.5,2,0,0,1,1,0,1,0,0,0,2023-24,6.21125,7.721,A,A
531,A,BERARDI,Sassuolo,0,0.0,0.0,0,0,0,0,0,0,0,0,0,0,2023-24,6.394375,7.649000000000001,A,A
309,A,DYBALA,Roma,1,5.0,4.5,0,0,0,0,0,0,0,1,0,0,2023-24,6.40625,7.7395000000000005,A,A
4200,A,GIROUD,Milan,2,7.5,12.5,3,0,0,2,2,0,1,0,0,0,2023-24,6.251,7.4254999999999995,A,A
5672,A,DIA,Salernitana,2,6.5,8.0,1,0,0,0,0,0,0,0,0,0,2023-24,6.27,7.82,A,A
2137,A,SCAMACCA,Atalanta,2,6.25,6.25,0,0,0,0,0,0,0,0,0,0,2023-24,6.195,7.345000000000001,B,A
4730,A,LOOKMAN,Atalanta,2,5.5,5.25,0,0,0,0,0,0,0,1,0,0,2023-24,6.47,7.92,A,A
479,A,SANABRIA,Torino,2,5.75,5.75,0,0,0,0,0,0,0,0,0,0,2023-24,6.103166666666667,7.0616666666666665,B,B
4268,A,ARNAUTOVIC,Inter,2,6.5,7.0,0,0,0,0,0,0,1,0,0,0,2023-24,6.325000000000001,7.575000000000001,A,A
4871,A,THURAM,Inter,2,6.75,7.25,0,0,0,0,0,0,1,0,0,0,2023-24,,,New,New
6228,A,RETEGUI,Genoa,2,6.25,7.5,1,0,0,0,0,0,0,1,0,0,2023-24,,,New,New
5336,A,NZOLA,Fiorentina,2,5.75,5.75,0,0,0,0,0,0,0,0,0,0,2023-24,6.1129999999999995,7.131500000000001,B,B
5786,A,CABRAL,Fiorentina,0,0.0,0.0,0,0,0,0,0,0,0,0,0,0,2023-24,6.0945,6.8865,B,B
6060,A,LAURIENTE',Sassuolo,2,6.25,6.25,0,0,0,0,0,0,0,0,0,0,2023-24,6.39,7.18,A,B
608,A,ZAPATA D.,Torino,2,6.25,7.75,1,0,0,0,0,0,0,0,0,0,2023-24,6.184125,7.133500000000001,B,B
5694,A,BETO,Udinese,1,5.5,5.5,0,0,0,0,0,0,0,0,0,0,2023-24,6.0875,7.135,B,B
2002,A,CHIESA,Juventus,2,6.5,8.0,1,0,0,0,0,0,0,0,0,0,2023-24,6.213500000000001,6.782875,A,B
2012,A,MILIK,Juventus,2,6.0,6.0,0,0,0,0,0,0,0,0,0,0,2023-24,6.0927500000000006,7.108500000000001,B,B
4179,A,GONZALEZ N.,Fiorentina,2,7.0,10.0,2,0,0,0,0,0,0,0,0,0,2023-24,6.242000000000001,6.9975000000000005,A,B
6227,A,OKAFOR,Milan,2,6.0,6.0,0,0,0,0,0,0,0,0,0,0,2023-24,,,New,New
6409,A,BELTRAN L.,Fiorentina,1,6.0,6.0,0,0,0,0,0,0,0,0,0,0,2023-24,,,New,New
2475,A,SANCHEZ,Inter,0,0.0,0.0,0,0,0,0,0,0,0,0,0,0,2023-24,6.260000000000001,7.125,A,B
2819,A,CAPUTO,Empoli,2,5.75,5.75,0,0,0,0,0,0,0,0,0,0,2023-24,5.982666666666667,6.870833333333334,B,B
6229,A,TOURE' E.,Atalanta,0,0.0,0.0,0,0,0,0,0,0,0,0,0,0,2023-24,,,New,New
507,A,MURIEL,Atalanta,1,6.0,6.0,0,0,0,0,0,0,0,0,0,0,2023-24,6.199666666666667,7.202833333333334,B,A
1939,A,LAPADULA,Cagliari,0,0.0,0.0,0,0,0,0,0,0,0,0,0,0,2023-24,5.85,6.425,C,B
1958,A,CAPRARI,Monza,2,6.25,6.25,0,0,0,0,0,0,0,0,0,0,2023-24,6.06575,6.654375,B,B
2544,A,ABRAHAM,Roma,0,0.0,0.0,0,0,0,0,0,0,0,0,0,0,2023-24,6.2285,7.323,A,A
2119,A,DEULOFEU,Udinese,0,0.0,0.0,0,0,0,0,0,0,0,0,0,0,2023-24,6.306750000000001,7.03425,A,B
2438,A,JOVIC,Fiorentina,0,0.0,0.0,0,0,0,0,0,0,0,0,0,0,2023-24,5.98,6.56,B,B
2719,A,BARROW,Bologna,0,0.0,0.0,0,0,0,0,0,0,0,0,0,0,2023-24,6.0125,6.589625000000001,B,B
5795,A,AZMOUN,Roma,0,0.0,0.0,0,0,0,0,0,0,0,0,0,0,2023-24,,,New,New
5836,A,CEESAY,Lecce,0,0.0,0.0,0,0,0,0,0,0,0,0,0,0,2023-24,5.97,6.53,B,B
6145,A,NGONGE,Verona,2,6.25,7.75,1,0,0,0,0,0,0,0,0,0,2023-24,6.04,6.73,B,B
383,A,PETAGNA,Cagliari,0,0.0,0.0,0,0,0,0,0,0,0,0,0,0,2023-24,6.056875000000001,6.7387500000000005,B,B
441,A,BELOTTI,Roma,2,7.0,10.5,2,0,0,0,0,0,1,0,0,0,2023-24,6.014499999999999,6.568125,B,B
2038,A,PINAMONTI,Sassuolo,2,5.5,5.5,0,0,0,0,0,0,0,0,0,0,2023-24,5.83775,6.49175,C,B
2061,A,SIMEONE,Napoli,0,0.0,0.0,0,0,0,0,0,0,0,0,0,0,2023-24,6.0672500000000005,7.049500000000001,B,B
2489,A,PEDRO,Lazio,1,6.0,6.0,0,0,0,0,0,0,0,0,0,0,2023-24,6.08975,6.673,B,B
4436,A,CAMBIAGHI,Empoli,1,6.0,6.0,0,0,0,0,0,0,0,0,0,0,2023-24,6.24,6.9,A,B
5311,A,SHOMURODOV,Cagliari,1,5.5,5.5,0,0,0,0,0,0,0,0,0,0,2023-24,5.9662500000000005,6.454000000000001,B,B
6226,A,CASTELLANOS,Lazio,0,0.0,0.0,0,0,0,0,0,0,0,0,0,0,2023-24,,,New,New
6398,A,ISAKSEN,Lazio,2,5.75,5.5,0,0,0,0,0,0,0,1,0,0,2023-24,,,New,New
6435,A,KRSTOVIC,Lecce,1,7.0,10.0,1,0,0,0,0,0,0,0,0,0,2023-24,,,New,New
495,A,CORREA,Inter,0,0.0,0.0,0,0,0,0,0,0,0,0,0,0,2023-24,6.027166666666667,6.604833333333334,B,B
2369,A,THAUVIN,Udinese,2,6.0,6.0,0,0,0,0,0,0,0,0,0,0,2023-24,5.68,5.68,D,D
4184,A,BREKALO,Fiorentina,2,6.25,6.25,0,0,0,0,0,0,0,0,0,0,2023-24,6.08,6.81,B,B
4517,A,LOZANO,Napoli,0,0.0,0.0,0,0,0,0,0,0,0,0,0,0,2023-24,6.14975,6.770999999999999,B,B
5086,A,ZIRKZEE,Bologna,2,6.5,6.75,0,0,0,0,0,0,1,1,0,0,2023-24,6.06,6.44,B,B
5529,A,HENRY,Verona,0,0.0,0.0,0,0,0,0,0,0,0,0,0,0,2023-24,5.955,6.456,B,B
5882,A,MOTA,Monza,2,5.75,5.75,0,0,0,0,0,0,0,0,0,0,2023-24,6.09,6.64,B,B
6205,A,MULATTIERI,Sassuolo,1,6.0,6.0,0,0,0,0,0,0,0,0,0,0,2023-24,,,New,New
6207,A,ALMQVIST,Lecce,2,6.5,8.0,1,0,0,0,0,0,0,0,0,0,2023-24,,,New,New
6439,A,CHEDDIRA,Frosinone,1,6.0,6.0,0,0,0,0,0,0,0,0,0,0,2023-24,,,New,New
6459,A,KARLSSON,Bologna,1,6.0,6.0,0,0,0,0,0,0,0,0,0,0,2023-24,,,New,New
2097,A,KEAN,Juventus,0,0.0,0.0,0,0,0,0,0,0,0,0,0,0,2023-24,5.948666666666667,6.745500000000001,B,B
2325,A,KARAMOH,Torino,2,6.0,6.0,0,0,0,0,0,0,0,0,0,0,2023-24,5.979000000000001,6.469750000000001,B,B
5471,A,DJURIC,Verona,2,6.25,6.25,0,0,0,0,0,0,0,0,0,0,2023-24,6.0185,6.3294999999999995,B,C
6213,A,BRENNER,Udinese,0,0.0,0.0,0,0,0,0,0,0,0,0,0,0,2023-24,,,New,New
505,A,BONAZZOLI,Verona,2,6.5,8.0,1,0,0,0,0,0,0,0,0,0,2023-24,6.055000000000001,6.610250000000001,B,B
643,A,DEFREL,Sassuolo,1,6.0,6.0,0,0,0,0,0,0,0,0,0,0,2023-24,5.790875000000001,6.134625,C,C
1857,A,DI FRANCESCO F.,Lecce,1,7.0,10.0,1,0,0,0,0,0,0,0,0,0,2023-24,5.9703333333333335,6.263166666666667,B,C
4371,A,RASPADORI,Napoli,2,5.75,4.25,0,0,0,1,0,1,0,0,0,0,2023-24,6.04675,6.66,B,B
4923,A,COLOMBO,Monza,0,0.0,0.0,0,0,0,0,0,0,0,0,0,0,2023-24,5.94,6.37,B,C
6001,A,BANDA,Lecce,2,6.5,7.0,0,0,0,0,0,0,1,0,0,0,2023-24,6.05,6.17,B,C
2103,A,PELLEGRI,Torino,2,5.5,5.5,0,0,0,0,0,0,0,0,0,0,2023-24,5.945,6.307500000000001,B,C
2762,A,KOUAME',Fiorentina,0,0.0,0.0,0,0,0,0,0,0,0,0,0,0,2023-24,5.98625,6.358750000000001,B,C
5297,A,LUVUMBO,Cagliari,2,6.0,6.0,0,0,0,0,0,0,0,0,0,0,2023-24,,,New,New
4359,A,PICCOLI,Lecce,2,5.75,5.75,0,0,0,0,0,0,0,0,0,0,2023-24,5.862,6.429,C,B
5676,A,SUCCESS,Udinese,2,5.75,5.75,0,0,0,0,0,0,0,0,0,0,2023-24,6.1114999999999995,6.5275,B,B
5842,A,BOTHEIM,Salernitana,2,5.25,5.0,0,0,0,0,0,0,0,1,0,0,2023-24,5.85,6.15,C,C
6119,A,SOLBAKKEN,Roma,1,5.5,5.5,0,0,0,0,0,0,0,0,0,0,2023-24,5.94,6.39,B,C
6215,A,LUCCA,Udinese,2,6.25,6.75,0,0,0,0,0,0,1,0,0,0,2023-24,,,New,New
5364,A,CASO,Frosinone,1,6.5,6.5,0,0,0,0,0,0,0,0,0,0,2023-24,,,New,New
90,A,LASAGNA,Verona,0,0.0,0.0,0,0,0,0,0,0,0,0,0,0,2023-24,5.818125,6.202500000000001,C,C
2190,A,CODA M.,Genoa,0,0.0,0.0,0,0,0,0,0,0,0,0,0,0,2023-24,,,New,New
5500,A,CANCELLIERI,Empoli,2,5.5,5.5,0,0,0,0,0,0,0,0,0,0,2023-24,,,New,New
5807,A,JOVANE,Salernitana,1,6.0,6.0,0,0,0,0,0,0,0,0,0,0,2023-24,,,New,New
247,A,PAVOLETTI,Cagliari,2,6.0,5.75,0,0,0,0,0,0,0,1,0,0,2023-24,5.9675,6.785,B,B
5734,A,SOULE',Frosinone,0,0.0,0.0,0,0,0,0,0,0,0,0,0,0,2023-24,,,New,New
5845,A,ALVAREZ A.,Sassuolo,0,0.0,0.0,0,0,0,0,0,0,0,0,0,0,2023-24,5.95,6.35,B,C
6214,A,CUNI,Frosinone,1,6.0,6.0,0,0,0,0,0,0,0,0,0,0,2023-24,,,New,New
2466,A,ORIGI,Milan,0,0.0,0.0,0,0,0,0,0,0,0,0,0,0,2023-24,5.74,6.05,C,C
4463,A,ESPOSITO,Inter,0,0.0,0.0,0,0,0,0,0,0,0,0,0,0,2023-24,,,New,New
5446,A,VAN HOOIJDONK,Bologna,0,0.0,0.0,0,0,0,0,0,0,0,0,0,0,2023-24,,,New,New
5806,A,SECK,Torino,0,0.0,0.0,0,0,0,0,0,0,0,0,0,0,2023-24,6.06,6.06,B,C
6204,A,KVERNADZE,Frosinone,1,5.5,5.5,0,0,0,0,0,0,0,0,0,0,2023-24,,,New,New
281,A,PUSCAS,Genoa,0,0.0,0.0,0,0,0,0,0,0,0,0,0,0,2023-24,5.45,5.73,D,D
5439,A,KALLON,Verona,0,0.0,0.0,0,0,0,0,0,0,0,0,0,0,2023-24,5.862,5.9175,C,D
5506,A,EKUBAN,Genoa,2,6.0,6.0,0,0,0,0,0,0,0,0,0,0,2023-24,5.71,5.84,C,D
5776,A,CEIDE,Sassuolo,1,5.5,5.5,0,0,0,0,0,0,0,0,0,0,2023-24,5.89,5.96,C,D
6243,A,BORRELLI,Frosinone,1,6.0,6.0,0,0,0,0,0,0,0,0,0,0,2023-24,,,New,New
6250,A,MARIC,Monza,2,6.0,6.0,0,0,0,0,0,0,0,0,0,0,2023-24,,,New,New
6395,A,SHPENDI S.,Empoli,2,5.75,5.75,0,0,0,0,0,0,0,0,0,0,2023-24,,,New,New
6418,A,BURNETE,Lecce,1,6.0,6.0,0,0,0,0,0,0,0,0,0,0,2023-24,,,New,New
472,A,DESTRO,Empoli,0,0.0,0.0,0,0,0,0,0,0,0,0,0,0,2023-24,5.90075,6.573750000000001,B,B
2122,A,LATTE LATH,Atalanta,0,0.0,0.0,0,0,0,0,0,0,0,0,0,0,2023-24,,,New,New
5060,A,AKE' M.,Udinese,0,0.0,0.0,0,0,0,0,0,0,0,0,0,0,2023-24,,,New,New
5391,A,KOKORIN,Fiorentina,0,0.0,0.0,0,0,0,0,0,0,0,0,0,0,2023-24,,,New,New
5395,A,BRAAF,Verona,0,0.0,0.0,0,0,0,0,0,0,0,0,0,0,2023-24,,,New,New
5436,A,RAIMONDO,Bologna,0,0.0,0.0,0,0,0,0,0,0,0,0,0,0,2023-24,,,New,New
5505,A,KAIO JORGE,Frosinone,0,0.0,0.0,0,0,0,0,0,0,0,0,0,0,2023-24,,,New,New
5837,A,VOELKERLING PERSSON,Lecce,0,0.0,0.0,0,0,0,0,0,0,0,0,0,0,2023-24,,,New,New
5843,A,VALENCIA D.,Salernitana,0,0.0,0.0,0,0,0,0,0,0,0,0,0,0,2023-24,,,New,New
5874,A,RODRIGUEZ P.,Lecce,0,0.0,0.0,0,0,0,0,0,0,0,0,0,0,2023-24,,,New,New
6011,A,EKONG,Empoli,0,0.0,0.0,0,0,0,0,0,0,0,0,0,0,2023-24,,,New,New
6160,A,VIVALDO,Udinese,0,0.0,0.0,0,0,0,0,0,0,0,0,0,0,2023-24,,,New,New
6242,A,BIDAOUI,Frosinone,0,0.0,0.0,0,0,0,0,0,0,0,0,0,0,2023-24,,,New,New
6247,A,YALCIN,Genoa,0,0.0,0.0,0,0,0,0,0,0,0,0,0,0,2023-24,,,New,New
6249,A,DIAW,Monza,0,0.0,0.0,0,0,0,0,0,0,0,0,0,0,2023-24,,,New,New
6419,A,CORFITZEN,Lecce,0,0.0,0.0,0,0,0,0,0,0,0,0,0,0,2023-24,,,New,New
6425,A,IKWUEMESI,Salernitana,0,0.0,0.0,0,0,0,0,0,0,0,0,0,0,2023-24,,,New,New
6427,A,STEWART,Salernitana,0,0.0,0.0,0,0,0,0,0,0,0,0,0,0,2023-24,,,New,New
6434,A,YILDIZ,Juventus,0,0.0,0.0,0,0,0,0,0,0,0,1,0,0,2023-24,,,New,New
