1;P;BASSI;Atalanta;0;0;0;0;0;0;0;0;0;0;0;0;0;0
4;P;SPORTIELLO;Fiorentina;10;5,5;3,65;0;18;0;0;0;0;0;0;1;0;0
8;D;BRIVIO;Genoa;0;0;0;0;0;0;0;0;0;0;0;0;0;0
10;D;CHERUBIN;Bologna;0;0;0;0;0;0;0;0;0;0;0;0;0;0
11;D;CONTI;Atalanta;33;6,42;6,98;8;0;0;0;0;0;0;0;12;0;0
13;D;DRAME';Atalanta;10;6;5,95;0;0;0;0;0;0;0;0;1;0;0
15;D;MASIELLO A.;Atalanta;35;6,16;6,29;3;0;0;0;0;0;0;0;9;0;0
16;D;RAIMONDI;Atalanta;8;6;5,75;0;0;0;0;0;0;0;0;3;0;0
17;D;STENDARDO;Pescara;10;5,33;5,28;0;0;0;0;0;0;0;0;1;0;0
18;D;SUAGHER;Atalanta;0;0;0;0;0;0;0;0;0;0;0;0;0;0
19;C;CARMONA;Atalanta;2;5;4,25;0;0;0;0;0;0;0;0;1;1;0
20;C;CIGARINI;Sampdoria;4;5,5;5,12;0;0;0;0;0;0;0;0;3;0;0
21;C;D'ALESSANDRO;Atalanta;24;6,12;6,24;1;0;0;0;0;0;0;0;2;0;0
26;C;GOMEZ A.;Atalanta;37;6,78;8;14;0;0;2;2;0;0;0;6;0;0
27;C;GRASSI;Atalanta;18;5,93;6,07;1;0;0;0;0;0;0;0;2;0;0
28;C;KURTIC;Atalanta;37;6,04;6,43;6;0;0;0;0;0;0;0;7;0;0
29;C;MIGLIACCIO;Atalanta;3;0;0;0;0;0;0;0;0;0;0;0;0;0
34;A;CERIA;Atalanta;0;0;0;0;0;0;0;0;0;0;0;0;0;0
37;A;MARILUNGO;Empoli;20;5,53;5,47;0;0;0;0;0;0;0;0;2;0;0
38;A;MONACHELLO;Atalanta;0;0;0;0;0;0;0;0;0;0;0;0;0;0
39;A;PINILLA;Genoa;16;5,27;5,27;0;0;0;1;1;0;0;0;4;1;0
40;P;DA COSTA;Bologna;17;6,5;4,91;0;25;0;0;0;0;0;0;1;0;0
41;P;MIRANTE;Bologna;21;5,88;4,5;0;32;1;0;0;0;0;0;0;0;0
42;P;SARR M.;Bologna;0;0;0;0;0;0;0;0;0;0;0;0;0;0
44;D;CECCARELLI;Bologna;0;0;0;0;0;0;0;0;0;0;0;0;0;0
45;D;FERRARI A.;Bologna;1;5,5;5,5;0;0;0;0;0;0;0;0;0;0;0
47;D;GASTALDELLO;Bologna;23;5,59;5,28;0;0;0;0;0;0;0;0;10;2;0
48;D;MAIETTA;Bologna;28;5,95;5,8;0;0;0;0;0;0;0;0;8;0;0
49;D;MASINA;Bologna;32;5,81;5,77;1;0;0;0;0;0;0;0;6;1;0
50;D;MBAYE;Bologna;15;5,73;5,31;0;0;0;0;0;0;0;0;3;0;2
51;D;MORLEO;Bologna;1;6;6;0;0;0;0;0;0;0;0;0;0;0
52;D;OIKONOMOU;Bologna;18;5,69;5,66;0;0;0;0;0;0;0;0;1;0;0
54;D;ROSSETTINI;Torino;30;5,88;5,85;1;0;0;0;0;0;0;0;8;0;0
55;C;BRIENZA;Bologna;0;0;0;0;0;0;0;0;0;0;0;0;0;0
57;C;CRISETIG;Crotone;32;5,79;5,6;0;0;0;0;0;0;0;0;10;1;0
58;C;DIAWARA;Napoli;18;6,21;6,18;0;0;0;0;0;0;0;0;1;0;0
60;C;RIZZO;Bologna;12;5,55;5,55;0;0;0;0;0;0;0;0;0;0;0
62;A;ACQUAFRESCA;Bologna;0;0;0;0;0;0;0;0;0;0;0;0;0;0
71;D;BUBNJIC;Udinese;0;0;0;0;0;0;0;0;0;0;0;0;0;0
78;D;SPOLLI;Chievo;21;5,82;5,63;0;0;0;0;0;0;0;0;8;0;0
84;C;MARRONE;Juventus;0;0;0;0;0;0;0;0;0;0;0;0;0;0
92;A;MATOS;Udinese;20;5,68;5,68;0;0;0;0;0;0;0;0;0;0;0
95;P;BIZZARRI;Pescara;29;5,86;3,48;0;68;0;0;0;0;0;0;2;0;0
96;P;BRESSAN;Chievo;0;0;0;0;0;0;0;0;0;0;0;0;0;0
97;P;SECULIN;Chievo;4;6;3,75;0;9;0;0;0;0;0;0;0;0;0
99;D;CACCIATORE;Chievo;29;6,05;6;1;0;0;0;0;0;0;0;7;1;0
100;D;CESAR;Chievo;17;5,62;5,5;1;0;0;0;0;0;0;0;8;1;0
101;D;DAINELLI;Chievo;26;5,88;5,64;0;0;0;0;0;0;0;0;8;0;1
103;D;FREY;Chievo;15;5,7;5,63;0;0;0;0;0;0;0;0;2;0;0
104;D;GAMBERINI;Chievo;20;5,9;6,02;1;0;0;0;0;0;0;0;1;0;0
105;D;GOBBI;Chievo;30;6;6,02;1;0;0;0;0;0;0;0;5;0;0
106;D;MATTIELLO;Juventus;0;0;0;0;0;0;0;0;0;0;0;0;0;0
108;D;SARDO;Chievo;1;0;0;0;0;0;0;0;0;0;0;0;0;0
109;D;TROIANI;Chievo;0;0;0;0;0;0;0;0;0;0;0;0;0;0
111;C;BIRSA;Chievo;35;6,21;6,66;7;0;0;1;0;1;0;0;5;0;0
112;C;CASTRO;Chievo;33;6,03;6,38;5;0;0;0;0;0;0;0;5;1;0
115;C;HETEMAJ;Chievo;23;5,84;5,73;0;0;0;0;0;0;0;0;6;0;0
116;C;IZCO;Chievo;25;5,77;5,75;0;0;0;0;0;0;0;0;1;0;0
118;C;RADOVANOVIC;Chievo;35;5,79;5,64;0;0;0;0;0;0;0;0;10;0;0
119;C;RIGONI N;Chievo;12;5,9;6,1;1;0;0;0;0;0;0;0;2;0;0
121;C;STOIAN;Crotone;26;5,94;6,22;3;0;0;0;0;0;0;0;4;0;0
123;A;INGLESE;Chievo;34;6;6,87;10;0;0;1;0;1;0;0;0;0;0
124;A;MEGGIORINI;Chievo;27;6,09;6,31;3;0;0;0;0;0;0;0;6;0;0
125;A;MPOKU;Chievo;0;0;0;0;0;0;0;0;0;0;0;0;0;0
126;A;PALOSCHI;Atalanta;13;5,17;4,83;0;0;0;1;0;1;0;0;0;0;0
127;A;PELLISSIER;Chievo;30;5,93;6,88;6;0;0;3;3;0;0;0;1;0;0
131;P;PELAGOTTI;Empoli;3;5,83;4;0;5;0;0;0;0;0;0;1;0;0
132;P;PUGLIESI;Empoli;0;0;0;0;0;0;0;0;0;0;0;0;0;0
133;P;SKORUPSKI;Empoli;35;6,33;4,99;0;56;4;0;0;0;0;0;2;0;1
134;D;BARBA;Empoli;11;5,95;5,82;0;0;0;0;0;0;0;0;3;0;0
135;D;BITTANTE;Cagliari;5;5,38;5;0;0;0;0;0;0;0;0;3;0;0
138;D;COSTA;Empoli;26;5,79;5,83;2;0;0;0;0;0;0;0;6;0;1
140;D;HYSAJ;Napoli;35;5,94;5,76;0;0;0;0;0;0;0;0;8;0;1
141;D;LAURINI;Empoli;24;5,71;5,62;0;0;0;0;0;0;0;0;2;1;0
142;D;MARIO RUI;Roma;5;6,12;6;0;0;0;0;0;0;0;0;1;0;0
144;D;TONELLI;Napoli;3;6,17;7,83;2;0;0;0;0;0;0;0;2;0;0
146;C;CROCE;Empoli;35;5,99;6,01;1;0;0;0;0;0;0;0;4;0;0
147;C;DIOUSSE';Empoli;33;5,78;5,58;0;0;0;0;0;0;0;0;13;0;0
148;C;KRUNIC;Empoli;32;5,82;5,85;2;0;0;0;0;0;0;0;10;0;0
150;C;SAPONARA;Fiorentina;29;5,67;6,02;4;0;0;0;0;0;0;0;5;0;0
151;C;SIGNORELLI;Empoli;0;0;0;0;0;0;0;0;0;0;0;0;0;0
152;C;ZIELINSKI;Napoli;36;6,36;6,78;5;0;0;0;0;0;0;0;4;0;0
153;A;MACCARONE;Empoli;28;5,72;6,19;3;0;0;2;2;0;0;0;3;1;0
154;A;MCHEDLIDZE;Empoli;15;6;7;6;0;0;1;0;1;0;0;4;0;0
156;A;PUCCIARELLI;Empoli;32;5,61;5,77;2;0;0;2;1;1;0;0;2;0;0
158;P;LEZZERINI;Fiorentina;1;7;7;0;0;0;0;0;0;0;0;0;0;0
159;P;SEPE;Napoli;0;0;0;0;0;0;0;0;0;0;0;0;0;0
160;P;TATARUSANU;Fiorentina;35;6,04;4,59;0;51;0;0;0;0;0;0;0;0;0
161;D;BAGADUR;Fiorentina;0;0;0;0;0;0;0;0;0;0;0;0;0;0
163;C;GILBERTO;Fiorentina;0;0;0;0;0;0;0;0;0;0;0;0;0;0
165;D;MARCOS ALONSO;Fiorentina;2;5,75;5,75;0;0;0;0;0;0;0;0;0;0;0
166;D;PASQUAL;Empoli;32;5,94;6,02;1;0;0;1;1;0;0;0;7;0;0
167;D;RODRIGUEZ GO;Fiorentina;26;5,92;5,85;1;0;0;0;0;0;0;0;6;2;0
169;D;TOMOVIC;Fiorentina;26;5,68;5,44;0;0;0;0;0;0;0;0;12;0;0
170;C;BADELJ;Fiorentina;33;5,95;6;2;0;0;0;0;0;0;0;9;0;0
172;C;BORJA VALERO;Fiorentina;32;6,03;6,05;1;0;0;0;0;0;0;0;5;0;0
173;C;CAPEZZI;Crotone;24;5,77;5,61;0;0;0;0;0;0;0;0;5;1;0
174;C;DIAKHATE;Fiorentina;0;0;0;0;0;0;0;0;0;0;0;0;0;0
175;C;FAZZI;Crotone;1;0;0;0;0;0;0;0;0;0;0;0;0;0
176;C;FERNANDEZ M;Milan;13;5,85;6,15;1;0;0;0;0;0;0;0;1;0;0
177;C;ILICIC;Fiorentina;29;5,96;6,25;4;0;0;3;1;2;0;0;2;0;0
181;C;VECINO;Fiorentina;31;6,02;6,21;3;0;0;0;0;0;0;0;7;0;0
182;A;ACOSTY;Crotone;10;6,06;5,94;0;0;0;0;0;0;0;0;2;0;0
183;A;BABACAR;Fiorentina;22;6,14;7,57;9;0;0;1;1;0;0;0;0;0;0
184;C;BERNARDESCHI;Fiorentina;32;6,14;6,97;8;0;0;4;3;1;0;0;5;1;0
187;A;ROSSI;Fiorentina;1;0;0;0;0;0;0;0;0;0;0;0;0;0
190;P;PIGLIACELLI;Pescara;0;0;0;0;0;0;0;0;0;0;0;0;0;0
197;D;PAVLOVIC;Sampdoria;9;5,67;5,56;0;0;0;0;0;0;0;0;2;0;0
198;D;ROSI;Crotone;30;6,07;5,97;1;0;0;0;0;0;0;0;12;0;0
217;P;LAMANNA;Genoa;21;5,79;4,31;0;37;2;0;0;0;0;0;0;0;0
218;P;PERIN;Genoa;16;6,13;4,97;0;19;1;0;0;0;0;0;1;1;0
222;D;BURDISSO;Genoa;35;5,79;5,64;0;0;0;0;0;0;0;0;10;0;0
223;D;CISSOKHO;Genoa;0;0;0;0;0;0;0;0;0;0;0;0;0;0
224;D;DE MAIO;Fiorentina;6;5,67;5,58;0;0;0;0;0;0;0;0;1;0;0
226;D;IZZO;Genoa;29;5,9;5,67;0;0;0;0;0;0;0;0;5;0;2
227;D;MARCHESE;Genoa;1;0;0;0;0;0;0;0;0;0;0;0;0;0
228;D;MUNOZ;Genoa;31;5,79;5,66;0;0;0;0;0;0;0;0;3;0;1
232;C;COFIE;Genoa;15;5,62;5,42;0;0;0;0;0;0;0;0;5;0;0
234;C;KUCKA;Milan;29;6;6,07;3;0;0;0;0;0;0;0;7;2;1
235;C;LAXALT;Genoa;36;6,01;6,03;1;0;0;0;0;0;0;0;5;0;0
236;C;LAZOVIC;Genoa;33;5,91;6,02;2;0;0;0;0;0;0;0;3;1;0
237;C;PEROTTI;Roma;32;6,27;7,09;1;0;0;7;7;0;0;0;2;0;0
238;C;RINCON;Juventus;29;6,05;5,95;0;0;0;0;0;0;0;0;4;0;0
241;C;TACHTSIDIS;Cagliari;26;5,75;5,65;0;0;0;0;0;0;0;0;5;0;0
243;C;GAKPE';Chievo;16;5,82;5,96;1;0;0;0;0;0;0;0;2;0;0
245;A;PANDEV;Genoa;20;5,7;6,2;3;0;0;0;0;0;0;0;1;1;0
247;A;PAVOLETTI;Napoli;16;5,81;6,42;3;0;0;0;0;0;0;0;2;0;0
248;P;BERNI;Inter;0;0;0;0;0;0;0;0;0;0;0;0;0;0
249;P;CARRIZO;Inter;1;6;4;0;2;0;0;0;0;0;0;0;0;0
250;P;HANDANOVIC;Inter;37;6,28;4,99;0;47;1;0;0;0;0;0;4;0;1
251;D;ANDREOLLI;Inter;6;6;6,75;1;0;0;0;0;0;0;0;0;0;0
252;D;BIRAGHI;Pescara;35;5,73;5,57;0;0;0;2;1;1;0;0;11;0;0
253;D;D'AMBROSIO;Inter;32;6,06;6,28;3;0;0;0;0;0;0;0;4;0;0
254;D;DIMARCO;Empoli;12;6,1;6,05;0;0;0;0;0;0;0;0;2;0;0
255;D;DODO';Sampdoria;7;5,29;5,29;0;0;0;0;0;0;0;0;0;0;0
256;D;JUAN JESUS;Roma;20;5,91;5,76;0;0;0;0;0;0;0;0;5;0;0
257;D;MIRANDA;Inter;32;6;5,91;0;0;0;0;0;0;0;0;6;0;0
259;D;MURILLO;Inter;27;5,74;5,63;0;0;0;0;0;0;0;0;6;0;0
260;D;NAGATOMO;Inter;16;5,53;5,47;0;0;0;0;0;0;0;0;2;0;0
261;D;RANOCCHIA;Inter;5;5,88;5,75;0;0;0;0;0;0;0;0;2;0;0
262;D;SANTON;Inter;14;5,71;5,67;0;0;0;0;0;0;0;0;1;0;0
264;C;BESSA;Inter;0;0;0;0;0;0;0;0;0;0;0;0;0;0
265;C;BROZOVIC;Inter;23;5,67;6,07;4;0;0;0;0;0;0;0;7;0;0
267;C;GNOUKOURI;Udinese;4;5,75;5,75;0;0;0;0;0;0;0;0;0;0;0
269;C;HERNANES;Juventus;10;5,75;5,94;1;0;0;0;0;0;0;0;3;0;0
270;C;KONDOGBIA;Inter;24;5,65;5,62;1;0;0;0;0;0;0;0;5;1;0
272;C;MEDEL;Inter;26;5,87;5,77;0;0;0;0;0;0;0;0;5;0;0
275;C;TAIDER;Bologna;24;5,92;6,27;3;0;0;0;0;0;0;0;1;0;0
276;C;BIABIANY;Inter;1;0;0;0;0;0;0;0;0;0;0;0;0;0
277;A;ICARDI;Inter;34;6,21;8,22;21;0;0;4;3;1;0;0;1;0;0
278;A;JOVETIC;Inter;5;5,5;5,38;0;0;0;0;0;0;0;0;1;0;0
280;A;PALACIO;Inter;15;5,86;5,82;0;0;0;0;0;0;0;0;1;0;0
282;P;BUFFON;Juventus;29;6,12;5,29;0;24;0;0;0;0;0;0;0;0;0
283;P;NETO;Juventus;8;6,06;5,81;0;2;0;0;0;0;0;0;0;0;0
284;P;RUBINHO;Genoa;2;5,25;0,25;0;8;0;0;0;0;0;0;0;0;1
285;D;BARZAGLI;Juventus;22;6,22;6,18;0;0;0;0;0;0;0;0;2;0;0
286;D;BONUCCI;Juventus;28;6,23;6,48;3;0;0;0;0;0;0;0;4;0;0
288;D;CHIELLINI;Juventus;21;6,35;6,55;2;0;0;0;0;0;0;0;4;0;0
290;D;EVRA;Juventus;6;6,12;6,12;0;0;0;0;0;0;0;0;0;0;0
291;D;ISLA;Cagliari;34;5,68;5,62;1;0;0;0;0;0;0;0;10;0;0
292;D;LICHTSTEINER;Juventus;26;6,15;6,17;1;0;0;0;0;0;0;0;5;0;0
294;D;RUGANI;Juventus;14;6,42;6,73;2;0;0;0;0;0;0;0;4;0;0
295;C;ASAMOAH;Juventus;17;6,19;6,12;0;0;0;0;0;0;0;0;2;0;0
296;C;BOUY;Palermo;2;5,5;5;0;0;0;0;0;0;0;0;1;0;0
297;C;BUCHEL;Empoli;15;5,54;5,33;0;0;0;0;0;0;0;0;5;0;0
299;C;KHEDIRA;Juventus;30;6,17;6,63;5;0;0;0;0;0;0;0;2;0;0
300;C;MARCHISIO;Juventus;18;6,25;6,36;1;0;0;0;0;0;0;0;2;0;0
301;C;PADOIN;Cagliari;31;5,8;5,8;1;0;0;0;0;0;0;0;6;0;0
302;C;PEREYRA;Juventus;0;0;0;0;0;0;0;0;0;0;0;0;0;0
303;C;POGBA;Juventus;0;0;0;0;0;0;0;0;0;0;0;0;0;0
305;C;STURARO;Juventus;20;6;5,84;0;0;0;0;0;0;0;0;5;0;0
306;A;CERRI;Pescara;13;5,54;6;2;0;0;0;0;0;0;0;1;0;0
309;A;DYBALA;Juventus;30;6,65;7,88;8;0;0;3;3;0;0;0;2;0;0
312;A;MANDZUKIC;Juventus;33;6,28;6,77;6;0;0;0;0;0;0;0;5;0;0
315;A;ZAZA;Juventus;0;0;0;0;0;0;0;0;0;0;0;0;0;0
316;P;BERISHA E.;Atalanta;26;6,21;5,17;0;26;0;0;0;0;0;0;2;0;0
318;P;MARCHETTI;Lazio;17;6;5,06;0;22;2;0;0;0;0;0;0;0;0
319;D;BASTA;Lazio;27;6,04;6,12;1;0;0;0;0;0;0;0;2;0;0
322;D;DE VRIJ;Lazio;27;6,15;6,31;2;0;0;0;0;0;0;0;3;0;0
323;D;GENTILETTI;Genoa;15;5,71;5,61;0;0;0;0;0;0;0;0;1;1;0
324;D;HOEDT;Lazio;23;6,07;6,13;2;0;0;0;0;0;0;0;5;0;1
325;D;KONKO;Atalanta;10;5,8;5,7;0;0;0;0;0;0;0;0;2;0;0
326;D;MAURICIO;Lazio;0;0;0;0;0;0;0;0;0;0;0;0;0;0
327;D;PATRIC;Lazio;19;6;5,88;0;0;0;0;0;0;0;0;4;0;0
328;D;PRCE;Lazio;1;0;0;0;0;0;0;0;0;0;0;0;0;0
329;D;RADU;Lazio;29;5,83;5,86;2;0;0;0;0;0;0;0;10;0;0
331;C;BIGLIA;Lazio;29;6,16;6,23;1;0;0;5;3;2;0;0;8;0;0
332;C;CANDREVA;Inter;38;6;6,37;6;0;0;1;0;1;0;0;2;0;0
333;C;CATALDI;Genoa;24;5,8;5,76;1;0;0;0;0;0;0;0;8;0;0
334;C;CRECCO;Lazio;3;6,25;7,75;1;0;0;0;0;0;0;0;0;0;0
335;C;FELIPE ANDERSON;Lazio;36;6,31;6,57;3;0;0;1;1;0;0;0;5;0;0
337;C;KISHNA;Lazio;5;5,62;5,62;0;0;0;0;0;0;0;0;0;0;0
338;C;LULIC;Lazio;31;6,15;6,3;3;0;0;0;0;0;0;0;7;1;0
339;C;MORRISON;Lazio;0;0;0;0;0;0;0;0;0;0;0;0;0;0
340;C;OIKONOMIDIS;Lazio;0;0;0;0;0;0;0;0;0;0;0;0;0;0
341;C;ONAZI;Lazio;0;0;0;0;0;0;0;0;0;0;0;0;0;0
342;C;PAROLO;Lazio;34;6,09;6,37;5;0;0;0;0;0;0;0;11;0;0
344;A;DJORDJEVIC;Lazio;17;5,67;5,67;0;0;0;0;0;0;0;0;0;0;0
345;A;KEITA B;Lazio;31;6,53;7,98;14;0;0;2;2;0;0;0;4;1;0
347;A;PEREA;Lazio;0;0;0;0;0;0;0;0;0;0;0;0;0;0
350;P;DONNARUMMA G.;Milan;37;6,41;5,32;0;45;2;0;0;0;0;0;2;0;0
351;P;AGAZZI;Milan;0;0;0;0;0;0;0;0;0;0;0;0;0;0
352;P;DIEGO LOPEZ;Milan;0;0;0;0;0;0;0;0;0;0;0;0;0;0
353;D;ABATE;Milan;22;6,11;6,09;0;0;0;0;0;0;0;0;1;0;0
356;D;ANTONELLI;Milan;7;6,08;6;0;0;0;0;0;0;0;0;1;0;0
357;D;CALABRIA;Milan;12;6,09;5,95;0;0;0;0;0;0;0;0;3;0;0
358;D;DE SCIGLIO;Milan;25;5,92;5,84;0;0;0;0;0;0;0;0;4;0;0
360;D;PALETTA;Milan;29;6;5,95;2;0;0;0;0;0;0;0;3;4;1
361;D;RODRIGO ELY;Milan;0;0;0;0;0;0;0;0;0;0;0;0;0;0
363;D;VERGARA;Milan;0;0;0;0;0;0;0;0;0;0;0;0;0;0
365;D;ZAPATA C.;Milan;14;6,12;6,35;1;0;0;0;0;0;0;0;0;0;0
366;C;BERTOLACCI;Milan;15;5,88;6;1;0;0;0;0;0;0;0;3;0;0
367;C;BONAVENTURA;Milan;19;6,47;6,87;3;0;0;0;0;0;0;0;3;0;0
369;C;HONDA;Milan;8;5,67;6,67;1;0;0;0;0;0;0;0;0;0;0
371;C;MAURI J;Empoli;14;5,85;5,69;0;0;0;0;0;0;0;0;4;0;0
372;C;MONTOLIVO;Milan;9;5,78;5,67;0;0;0;0;0;0;0;0;2;0;0
374;C;POLI;Milan;12;6,07;6;0;0;0;0;0;0;0;0;1;0;0
375;C;SUSO;Milan;33;6,33;6,8;7;0;0;1;0;1;0;0;5;0;0
376;C;VERDI;Bologna;27;6,13;6,77;6;0;0;0;0;0;0;0;3;0;0
377;A;BACCA;Milan;31;5,92;6,97;9;0;0;6;4;2;0;0;3;0;0
379;A;LUIZ ADRIANO;Milan;7;5,67;5,67;0;0;0;0;0;0;0;0;0;0;0
380;A;MATRI;Sassuolo;31;5,85;6,75;8;0;0;0;0;0;0;0;1;0;0
381;A;MENEZ;Milan;0;0;0;0;0;0;0;0;0;0;0;0;0;0
382;A;NIANG;Milan;18;5,83;5,97;2;0;0;3;1;2;0;0;0;1;0
383;A;PETAGNA;Atalanta;34;6,23;6,65;5;0;0;0;0;0;0;0;2;0;0
384;P;ANDUJAR;Napoli;0;0;0;0;0;0;0;0;0;0;0;0;0;0
385;P;GABRIEL;Cagliari;3;5,67;3,17;0;7;0;0;0;0;0;0;1;0;0
386;P;RAFAEL CABRAL;Napoli;1;6,5;5,5;0;1;0;0;0;0;0;0;0;0;0
387;P;REINA;Napoli;37;6,12;5,16;0;38;1;0;0;0;0;0;1;0;0
388;D;ALBIOL;Napoli;26;6,23;6,08;0;0;0;0;0;0;0;0;8;0;0
390;D;GHOULAM;Napoli;29;6,26;6,24;0;0;0;0;0;0;0;0;1;0;0
392;D;KOULIBALY;Napoli;28;6,2;6,3;2;0;0;0;0;0;0;0;6;0;0
393;D;LUPERTO;Napoli;0;0;0;0;0;0;0;0;0;0;0;0;0;0
394;D;MAGGIO;Napoli;7;6,2;6,2;0;0;0;0;0;0;0;0;0;0;0
395;D;STRINIC;Napoli;12;6,12;6;0;0;0;0;0;0;0;0;3;0;0
397;C;ALLAN;Napoli;29;6,11;6,17;1;0;0;0;0;0;0;0;3;0;0
398;C;DAVID LOPEZ;Napoli;0;0;0;0;0;0;0;0;0;0;0;0;0;0
399;C;DE GUZMAN;Chievo;27;5,8;6;1;0;0;1;1;0;0;0;3;0;0
400;C;DEZI;Napoli;0;0;0;0;0;0;0;0;0;0;0;0;0;0
401;C;EL KADDOURI;Empoli;20;6,06;6,47;3;0;0;0;0;0;0;0;5;0;0
402;C;HAMSIK;Napoli;38;6,45;7,38;12;0;0;0;0;0;0;0;1;0;0
404;C;JORGINHO;Napoli;27;6,06;6;0;0;0;0;0;0;0;0;3;0;0
405;C;VALDIFIORI;Torino;25;5,92;5,81;0;0;0;0;0;0;0;0;5;0;0
406;A;CALLEJON;Napoli;37;6,38;7,46;14;0;0;0;0;0;0;0;2;1;0
407;A;GABBIADINI;Napoli;13;5,83;6,5;2;0;0;1;1;0;0;0;0;1;0
408;A;HIGUAIN;Juventus;37;6,49;8,34;23;0;0;0;0;0;0;0;1;0;0
409;A;INSIGNE;Napoli;37;6,69;8,12;16;0;0;2;2;0;0;0;2;0;0
410;A;MERTENS;Napoli;35;6,91;9,21;26;0;0;3;2;1;0;0;6;0;0
413;P;SORRENTINO;Chievo;34;6,29;4,75;0;52;0;0;0;0;0;0;1;0;0
414;D;ANDELKOVIC;Palermo;22;5,52;5,45;0;0;0;0;0;0;0;0;3;0;0
417;D;EMERSON P.;Roma;25;6,26;6,24;0;0;0;0;0;0;0;0;1;0;0
418;D;GOLDANIGA;Palermo;28;5,66;5,57;2;0;0;0;0;0;0;0;11;1;1
419;D;GONZALEZ G;Palermo;21;5,5;5,38;1;0;0;0;0;0;0;0;7;2;0
420;D;LAZAAR;Palermo;0;0;0;0;0;0;0;0;0;0;0;0;0;0
423;D;RISPOLI;Palermo;32;6;6,48;6;0;0;0;0;0;0;0;5;0;0
424;D;STRUNA;Palermo;0;0;0;0;0;0;0;0;0;0;0;0;0;0
427;D;VITIELLO;Palermo;5;5,5;5,4;0;0;0;0;0;0;0;0;1;0;0
428;C;BENALI;Pescara;33;5,84;6,31;6;0;0;0;0;0;0;0;4;1;0
430;C;BRUGMAN;Pescara;27;5,62;5,6;1;0;0;0;0;0;0;0;7;0;0
431;C;CHOCHEV;Palermo;30;5,78;6,02;3;0;0;0;0;0;0;0;4;0;0
433;C;HILJEMARK;Genoa;29;5,64;5,86;2;0;0;0;0;0;0;0;1;0;0
434;C;JAJALO;Palermo;26;5,58;5,6;1;0;0;0;0;0;0;0;5;0;0
437;C;QUAISON;Palermo;17;5,9;6,53;4;0;0;0;0;0;0;0;5;0;0
438;C;RIGONI L;Genoa;31;5,9;5,98;3;0;0;0;0;0;0;0;13;0;0
441;A;BELOTTI;Torino;35;6,46;8,36;24;0;0;5;2;3;0;0;5;0;0
442;A;BENTIVEGNA;Palermo;3;5,5;5,5;0;0;0;0;0;0;0;0;0;0;0
448;A;TRAJKOVSKI;Palermo;11;5,72;6;1;0;0;0;0;0;0;0;1;0;0
451;P;LOBONT;Roma;0;0;0;0;0;0;0;0;0;0;0;0;0;0
453;P;SZCZESNY;Roma;38;6,26;5,42;0;38;2;0;0;0;0;0;0;0;0
455;D;CASTAN;Torino;14;6;5,85;0;0;0;0;0;0;0;0;4;0;0
457;D;CRESCENZI;Pescara;21;5,61;5,58;0;0;0;0;0;0;0;0;1;0;0
459;D;MANOLAS;Roma;33;6,28;6,27;1;0;0;0;0;0;0;0;7;0;0
460;D;ROMAGNOLI A.;Milan;26;6,17;6,17;1;0;0;0;0;0;0;0;4;1;0
461;D;TOROSIDIS;Bologna;27;5,83;5,81;1;0;0;0;0;0;0;0;5;1;0
463;C;DE ROSSI;Roma;31;6,32;6,59;2;0;0;2;2;0;0;0;9;0;0
464;D;FLORENZI;Roma;9;6,11;5,94;0;0;0;0;0;0;0;0;3;0;0
467;C;NAINGGOLAN;Roma;37;6,51;7,4;11;0;0;0;0;0;0;0;2;0;0
468;C;PAREDES;Roma;27;6,4;6,75;3;0;0;0;0;0;0;0;4;0;0
469;C;PJANIC;Juventus;29;6,17;6,6;5;0;0;0;0;0;0;0;5;0;0
470;C;STROOTMAN;Roma;33;6,36;6,64;4;0;0;0;0;0;0;0;6;0;0
472;A;DESTRO;Bologna;29;5,76;6,72;11;0;0;1;0;1;0;0;4;0;0
475;A;IAGO FALQUE;Torino;35;6,16;7,16;10;0;0;3;2;1;0;0;2;0;0
476;A;IBARBO;Cagliari;3;5,75;5,75;0;0;0;0;0;0;0;0;0;0;0
477;A;ITURBE;Torino;21;5,59;5,75;1;0;0;0;0;0;0;0;1;0;0
478;A;LJAJIC;Torino;33;6,15;6,89;9;0;0;2;1;1;0;0;5;0;0
480;A;TOTTI;Roma;18;6,35;6,9;0;0;0;2;2;0;0;0;1;0;0
483;P;PUGGIONI;Sampdoria;21;6,07;4,48;0;35;1;0;0;0;0;0;3;0;0
484;P;VIVIANO;Sampdoria;17;6,15;5;0;20;1;0;0;0;0;0;5;0;0
486;D;CODA;Pescara;13;5,35;5,04;0;0;0;0;0;0;0;0;6;1;0
487;D;DE SILVESTRI;Torino;16;5,81;5,97;1;0;0;0;0;0;0;0;1;0;0
488;D;MESBAH;Crotone;9;5,81;5,75;0;0;0;0;0;0;0;0;1;0;0
490;D;REGINI;Sampdoria;34;5,7;5,62;0;0;0;0;0;0;0;0;5;0;0
491;D;SALAMON;Cagliari;15;5,45;5,41;0;0;0;0;0;0;0;0;1;0;0
492;D;SILVESTRE;Sampdoria;36;5,92;5,86;0;0;0;0;0;0;0;0;2;1;0
493;D;ZUKANOVIC;Atalanta;19;5,86;5,83;0;0;0;0;0;0;0;0;1;0;0
494;C;BARRETO;Sampdoria;32;5,94;6,03;2;0;0;0;0;0;0;0;4;1;0
498;C;IVAN;Sampdoria;0;0;0;0;0;0;0;0;0;0;0;0;0;0
502;C;PALOMBO;Sampdoria;4;5,62;5,5;0;0;0;0;0;0;0;0;1;0;0
505;A;BONAZZOLI;Sampdoria;0;0;0;0;0;0;0;0;0;0;0;0;0;0
506;A;EDER;Inter;33;6;6,75;8;0;0;0;0;0;0;0;3;0;0
507;A;MURIEL;Sampdoria;31;6,29;7,26;7;0;0;4;4;0;0;0;4;1;0
509;P;CONSIGLI;Sassuolo;37;6,15;4,73;0;56;2;0;0;0;0;0;1;0;1
510;P;PEGOLO;Sassuolo;1;5,5;0,5;0;5;0;0;0;0;0;0;0;0;0
512;P;POMINI;Sassuolo;0;0;0;0;0;0;0;0;0;0;0;0;0;0
513;D;ACERBI;Sassuolo;38;6,18;6,47;3;0;0;1;1;0;0;0;2;0;0
514;D;ANTEI;Sassuolo;15;5,96;6,04;1;0;0;0;0;0;0;0;4;0;0
515;D;ARIAUDO;Sassuolo;0;0;0;0;0;0;0;0;0;0;0;0;0;0
516;D;CANNAVARO;Sassuolo;18;5,78;5,89;1;0;0;0;0;0;0;0;2;0;0
517;D;DELL'ORCO;Sassuolo;9;6;6;0;0;0;0;0;0;0;0;0;0;0
518;D;FONTANESI;Sassuolo;0;0;0;0;0;0;0;0;0;0;0;0;0;0
519;D;GAZZOLA;Sassuolo;16;5,81;5,72;0;0;0;0;0;0;0;0;3;0;0
521;D;PELUSO;Sassuolo;34;5,91;5,82;1;0;0;0;0;0;0;0;12;0;0
522;D;TERRANOVA;Sassuolo;3;5,33;5,33;0;0;0;0;0;0;0;0;0;0;0
524;C;BIONDINI;Sassuolo;14;5,85;5,62;0;0;0;0;0;0;0;0;6;0;0
526;C;DUNCAN;Sassuolo;21;5,95;6;1;0;0;0;0;0;0;0;4;0;0
527;C;LARIBI;Sassuolo;0;0;0;0;0;0;0;0;0;0;0;0;0;0
528;C;MAGNANELLI;Sassuolo;15;6,21;6,36;1;0;0;0;0;0;0;0;2;0;0
529;C;MISSIROLI;Sassuolo;13;5,77;5,65;0;0;0;0;0;0;0;0;3;0;0
530;C;PELLEGRINI LO.;Sassuolo;28;6,16;6,64;5;0;0;1;1;0;0;0;7;1;0
531;A;BERARDI;Sassuolo;21;6,31;6,74;3;0;0;3;2;1;0;0;6;0;0
532;A;FALCINELLI;Crotone;35;6,4;7,44;11;0;0;2;2;0;0;0;7;0;0
533;A;FLOCCARI;Bologna;5;5,38;5,38;0;0;0;0;0;0;0;0;0;0;0
534;A;FLORO FLORES;Chievo;12;5,77;5,77;0;0;0;0;0;0;0;0;0;0;0
536;A;POLITANO;Sassuolo;32;6,2;6,59;3;0;0;2;2;0;0;0;5;0;0
537;A;SANSONE N.;Sassuolo;0;0;0;0;0;0;0;0;0;0;0;0;0;0
540;P;GOMIS A;Bologna;0;0;0;0;0;0;0;0;0;0;0;0;0;0
542;P;ICHAZO;Torino;0;0;0;0;0;0;0;0;0;0;0;0;0;0
543;P;PADELLI;Torino;2;6;4;0;4;0;0;0;0;0;0;0;0;0
544;D;AVELAR;Torino;3;5,83;5,67;0;0;0;0;0;0;0;0;1;0;0
545;D;BOVO;Pescara;14;5,92;5,69;0;0;0;0;0;0;0;0;6;0;0
546;D;BRUNO PERES;Roma;30;5,82;5,98;2;0;0;0;0;0;0;0;3;0;0
547;D;GASTON SILVA;Torino;0;0;0;0;0;0;0;0;0;0;0;0;0;0
549;D;JANSSON;Torino;0;0;0;0;0;0;0;0;0;0;0;0;0;0
550;D;MAKSIMOVIC;Napoli;8;5,75;6,06;1;0;0;0;0;0;0;0;1;0;0
551;D;MOLINARO;Torino;10;6,1;6;0;0;0;0;0;0;0;0;2;0;0
552;D;MORETTI;Torino;23;5,87;5,89;1;0;0;0;0;0;0;0;5;0;0
554;D;ZAPPACOSTA;Torino;29;6,16;6,25;1;0;0;0;0;0;0;0;1;0;0
555;C;ACQUAH;Torino;20;5,94;6,06;2;0;0;0;0;0;0;0;2;3;0
556;C;BASELLI;Torino;37;5,91;6,35;6;0;0;0;0;0;0;0;6;0;0
557;C;BENASSI;Torino;28;6;6,45;5;0;0;0;0;0;0;0;5;0;0
559;C;GAZZI;Palermo;25;5,65;5,43;0;0;0;0;0;0;0;0;6;2;0
560;C;OBI;Torino;20;5,82;5,74;0;0;0;0;0;0;0;0;3;0;0
563;C;VIVES;Torino;3;5,83;5,5;0;0;0;0;0;0;0;0;0;1;0
565;A;MARTINEZ;Torino;11;5,85;6;1;0;0;0;0;0;0;0;3;0;0
566;A;MAXI LOPEZ;Torino;16;5,93;6,32;2;0;0;0;0;0;0;0;2;0;0
568;A;QUAGLIARELLA;Sampdoria;37;6;6,89;9;0;0;4;3;1;0;0;2;0;0
570;P;KARNEZIS;Udinese;33;6,08;4,67;0;45;0;0;0;0;0;0;3;0;0
574;P;SCUFFET;Udinese;6;6,25;4,42;0;11;0;0;0;0;0;0;0;0;0
575;D;ADNAN;Udinese;14;5,81;5,73;0;0;0;0;0;0;0;0;2;0;0
578;D;DANILO LAR.;Udinese;36;5,92;5,88;2;0;0;0;0;0;0;0;9;1;1
580;D;EDENILSON;Genoa;16;5,93;5,79;0;0;0;0;0;0;0;0;2;1;0
581;D;FARAONI;Udinese;5;5,7;5,5;0;0;0;0;0;0;0;0;2;0;0
582;D;GABRIEL SILVA;Udinese;5;5,5;5,25;0;0;0;0;0;0;0;0;2;0;0
583;D;HEURTAUX;Udinese;12;5,75;5,56;0;0;0;0;0;0;0;0;3;0;0
587;D;WAGUE;Udinese;6;5,58;5,42;0;0;0;0;0;0;0;0;2;0;0
588;D;WIDMER;Udinese;28;5,93;5,89;0;0;0;0;0;0;0;0;2;0;0
589;C;BADU;Udinese;29;5,91;5,87;0;0;0;0;0;0;0;0;2;0;0
590;C;BRUNO FERNANDES;Sampdoria;33;5,97;6,42;5;0;0;0;0;0;0;0;2;0;0
594;C;KONE;Udinese;5;5,62;5,5;0;0;0;0;0;0;0;0;1;0;0
595;C;LUCAS EVANGELISTA;Udinese;6;6;5,88;0;0;0;0;0;0;0;0;1;0;0
600;C;VERRE;Pescara;28;5,52;5,44;0;0;0;0;0;0;0;0;2;1;0
601;A;AGUIRRE;Udinese;0;0;0;0;0;0;0;0;0;0;0;0;0;0
605;A;PERICA;Udinese;27;6,04;6,67;6;0;0;0;0;0;0;0;4;0;0
606;A;THEREAU;Udinese;33;6,05;7,03;11;0;0;2;1;1;0;0;3;0;0
608;A;ZAPATA D.;Udinese;38;6,09;6,84;9;0;0;1;1;0;0;0;3;0;0
610;P;GOLLINI;Atalanta;4;6;5,62;0;1;0;0;0;0;0;0;1;0;0
611;P;RAFAEL;Cagliari;21;6,12;5,02;0;32;3;0;0;0;0;0;0;0;0
615;D;HELANDER;Bologna;11;5,86;6;1;0;0;0;0;0;0;0;3;0;0
626;C;HALLFREDSSON;Udinese;28;5,94;5,76;0;0;0;0;0;0;0;0;10;0;0
627;C;IONITA;Cagliari;18;5,79;6,18;3;0;0;0;0;0;0;0;5;0;0
630;C;SALA;Sampdoria;20;6;5,86;0;0;0;0;0;0;0;0;5;0;0
631;C;VIVIANI;Bologna;16;5,97;6,2;2;0;0;0;0;0;0;0;3;1;0
634;A;CHANTURIA;Empoli;0;0;0;0;0;0;0;0;0;0;0;0;0;0
640;D;CHIRICHES;Napoli;14;6,23;6,69;2;0;0;0;0;0;0;0;0;0;0
641;C;NTCHAM;Genoa;20;5,71;6,11;3;0;0;0;0;0;0;0;3;0;0
642;D;ASTORI;Fiorentina;33;6;6;2;0;0;0;0;0;0;0;10;1;0
643;A;DEFREL;Sassuolo;29;6,25;7,52;11;0;0;1;1;0;0;0;1;0;0
644;C;PULGAR;Bologna;26;5,64;5,57;1;0;0;0;0;0;0;0;5;2;0
645;C;MILINKOVIC-SAVIC;Lazio;34;6,16;6,4;4;0;0;0;0;0;0;0;8;0;0
646;A;SALAH;Roma;31;6,29;7,71;15;0;0;0;0;0;0;0;2;0;0
647;A;DZEKO;Roma;37;6,58;8,72;28;0;0;3;1;2;0;0;4;0;0
648;A;CASSANO;Sampdoria;0;0;0;0;0;0;0;0;0;0;0;0;0;0
649;A;MANAJ;Pescara;12;5,68;6,14;2;0;0;0;0;0;0;0;2;0;0
650;C;PEPE;Pescara;12;5,65;5,65;0;0;0;0;0;0;0;0;0;0;0
651;C;MAIELLO;Empoli;1;6;6;0;0;0;0;0;0;0;0;0;0;0
652;A;KALINIC;Fiorentina;32;6,06;7,27;14;0;0;2;1;1;0;0;5;1;0
653;D;ZAMBELLI;Empoli;10;5,69;5,62;0;0;0;0;0;0;0;0;1;0;0
655;C;CAPEL;Genoa;0;0;0;0;0;0;0;0;0;0;0;0;0;0
656;D;RUDIGER;Roma;26;6,08;5,9;0;0;0;0;0;0;0;0;7;1;0
660;D;GYOMBER;Pescara;10;5,4;5,2;0;0;0;0;0;0;0;0;4;0;0
661;C;INIGUEZ;Udinese;0;0;0;0;0;0;0;0;0;0;0;0;0;0
662;D;ALEX SANDRO;Juventus;27;6,17;6,35;3;0;0;0;0;0;0;0;5;0;1
663;D;KRAFTH;Bologna;25;5,73;5,62;0;0;0;0;0;0;0;0;1;2;0
668;C;SILVESTRO;Bologna;0;0;0;0;0;0;0;0;0;0;0;0;0;0
669;C;DONSAH;Bologna;13;5,71;5,62;0;0;0;0;0;0;0;0;2;0;0
673;P;PERISAN;Udinese;0;0;0;0;0;0;0;0;0;0;0;0;0;0
694;A;BAEZ;Fiorentina;0;0;0;0;0;0;0;0;0;0;0;0;0;0
695;D;TOLOI;Atalanta;32;6,11;6;0;0;0;0;0;0;0;0;7;0;0
697;C;CUADRADO;Juventus;30;6,1;6,17;2;0;0;0;0;0;0;0;8;0;0
698;A;GILARDINO;Pescara;17;5,67;5,62;0;0;0;0;0;0;0;0;2;0;0
699;C;CARBONERO;Sampdoria;0;0;0;0;0;0;0;0;0;0;0;0;0;0
700;C;TONEV;Crotone;12;5,55;5,73;1;0;0;0;0;0;0;0;2;0;0
702;C;GIACCHERINI;Napoli;16;5,86;6,29;1;0;0;0;0;0;0;0;0;0;0
703;C;MOUNIER;Atalanta;11;5,31;5,31;0;0;0;0;0;0;0;0;0;0;0
704;C;PERISIC;Inter;36;6,1;6,96;11;0;0;0;0;0;0;0;2;1;0
705;C;VAINQUEUR;Roma;0;0;0;0;0;0;0;0;0;0;0;0;0;0
706;D;ANSALDI;Inter;21;5,93;5,69;0;0;0;0;0;0;0;0;8;1;0
708;D;FELIPE;Udinese;32;5,86;5,81;1;0;0;0;0;0;0;0;9;0;0
709;D;COSIC;Empoli;14;5,71;5,67;0;0;0;0;0;0;0;0;1;0;0
712;C;LEMINA;Juventus;19;6;6,17;1;0;0;0;0;0;0;0;1;0;0
713;C;DZEMAILI;Bologna;30;6,15;6,77;8;0;0;0;0;0;0;0;9;1;0
714;D;MORGANELLA;Palermo;11;5,17;5;0;0;0;0;0;0;0;0;3;0;0
717;C;FELIPE MELO;Inter;5;5,75;5,38;0;0;0;0;0;0;0;0;1;1;0
718;A;RODRIGUEZ A;Chievo;0;0;0;0;0;0;0;0;0;0;0;0;0;0
722;A;BORRIELLO;Cagliari;36;6,14;7,31;15;0;0;2;1;1;0;0;4;0;1
723;A;PONCE;Roma;0;0;0;0;0;0;0;0;0;0;0;0;0;0
729;D;PEREIRA P;Sampdoria;12;5,95;5,7;0;0;0;0;0;0;0;0;5;0;0
731;A;PONCE A;Sampdoria;0;0;0;0;0;0;0;0;0;0;0;0;0;0
755;C;LODI;Udinese;1;0;0;0;0;0;0;0;0;0;0;0;0;0
761;P;AUDERO;Juventus;1;6;5;0;1;0;0;0;0;0;0;0;0;0
764;A;SADIQ;Bologna;7;5,67;5,5;0;0;0;0;0;0;0;0;2;0;0
765;D;AJETI;Torino;4;5,38;5,62;1;0;0;0;0;0;0;0;0;0;1
770;D;PEZZELLA GIU.;Palermo;10;5,75;5,7;0;0;0;0;0;0;0;0;1;0;0
775;C;ALVAREZ R;Sampdoria;21;6;6,22;2;0;0;0;0;0;0;0;2;1;0
777;C;DI LIVIO;Roma;0;0;0;0;0;0;0;0;0;0;0;0;0;0
779;C;CRISTANTE;Atalanta;28;6,04;6,36;3;0;0;0;0;0;0;0;2;0;0
780;D;CIONEK;Palermo;29;5,71;5,58;0;0;0;0;0;0;0;0;8;0;0
783;A;BALOGH;Palermo;16;5,6;5,5;0;0;0;0;0;0;0;0;1;1;0
784;C;DIAMANTI;Palermo;31;5,92;5,85;1;0;0;0;0;0;0;0;8;1;0
785;A;IMMOBILE;Lazio;36;6,35;8,21;17;0;0;6;6;0;0;0;4;0;0
787;D;DJIMSITI;Atalanta;0;0;0;0;0;0;0;0;0;0;0;0;0;0
788;C;FREULER;Atalanta;33;6,31;6,71;5;0;0;0;0;0;0;0;5;0;0
789;A;TROTTA;Crotone;28;5,83;6,13;2;0;0;1;1;0;0;0;2;0;0
790;D;SAMIR;Udinese;21;6,07;6;0;0;0;0;0;0;0;0;3;0;0
792;A;ZARATE;Fiorentina;7;6,5;7,6;2;0;0;0;0;0;0;0;1;0;0
794;C;TELLO C;Fiorentina;36;6,02;6,4;4;0;0;0;0;0;0;0;1;0;0
795;A;EL SHAARAWY;Roma;32;6,1;6,93;8;0;0;0;0;0;0;0;0;0;0
796;C;GNAHORE';Crotone;1;5,5;5,5;0;0;0;0;0;0;0;0;0;0;0
798;D;SKRINIAR;Sampdoria;35;5,84;5,76;0;0;0;0;0;0;0;0;4;1;0
800;P;POSAVEC;Palermo;29;5,97;3,78;0;63;0;0;0;0;0;0;1;0;0
801;C;GAGLIARDINI;Inter;31;6,16;6,29;2;0;0;0;0;0;0;0;7;0;0
802;D;ARMERO;Udinese;2;5,75;5,5;0;0;0;0;0;0;0;0;1;0;0
805;D;FIAMOZZI;Genoa;4;6;6;0;0;0;0;0;0;0;0;0;0;0
809;C;NINKOVIC;Genoa;17;5,87;6,17;2;0;0;0;0;0;0;0;3;0;0
810;A;MIRANDA RADA;Chievo;0;0;0;0;0;0;0;0;0;0;0;0;0;0
813;C;BALIC;Udinese;4;5,88;6,5;1;0;0;0;0;0;0;0;1;0;0
817;D;COSTA F;Chievo;1;5,5;5,5;0;0;0;0;0;0;0;0;0;0;0
821;P;MARSON;Palermo;0;0;0;0;0;0;0;0;0;0;0;0;0;0
822;C;ZONTA;Inter;0;0;0;0;0;0;0;0;0;0;0;0;0;0
824;D;ADJAPONG;Sassuolo;9;5,83;6,08;1;0;0;0;0;0;0;0;3;0;0
827;C;LOCATELLI M.;Milan;24;6,25;6,35;2;0;0;0;0;0;0;0;7;0;0
1842;A;PIERINI N;Sassuolo;0;0;0;0;0;0;0;0;0;0;0;0;0;0
1843;P;RADU I.;Inter;0;0;0;0;0;0;0;0;0;0;0;0;0;0
1844;D;DELLA GIOVANNA;Inter;0;0;0;0;0;0;0;0;0;0;0;0;0;0
1845;C;TABACCHI;Bologna;0;0;0;0;0;0;0;0;0;0;0;0;0;0
1846;P;MAZZINI;Atalanta;0;0;0;0;0;0;0;0;0;0;0;0;0;0
1847;D;CALDARA;Atalanta;30;6,37;7;7;0;0;0;0;0;0;0;4;0;0
1850;C;KESSIE';Atalanta;30;6,27;6,72;4;0;0;2;2;0;0;0;5;2;0
1851;C;MOLINA;Atalanta;0;0;0;0;0;0;0;0;0;0;0;0;0;0
1852;C;SPINAZZOLA;Atalanta;30;6,38;6,28;0;0;0;0;0;0;0;0;2;0;1
1856;D;BOLDOR;Bologna;0;0;0;0;0;0;0;0;0;0;0;0;0;0
1857;C;DI FRANCESCO F.;Bologna;24;6,03;6,56;4;0;0;0;0;0;0;0;3;1;0
1858;C;KREJCI;Bologna;36;5,82;5,88;0;0;0;1;1;0;0;0;2;0;0
1859;C;NAGY;Bologna;24;5,87;5,8;0;0;0;0;0;0;0;0;3;0;0
1861;P;CARBONI W;Cagliari;0;0;0;0;0;0;0;0;0;0;0;0;0;0
1862;P;COLOMBO R.;Cagliari;1;0;0;0;0;0;0;0;0;0;0;0;0;0
1863;P;STORARI;Milan;15;5,97;3,47;0;36;0;0;0;0;0;0;1;1;0
1864;D;BRUNO ALVES;Cagliari;36;5,72;5,71;1;0;0;0;0;0;0;0;5;1;0
1865;D;CAPUANO;Cagliari;12;5,65;5,85;1;0;0;0;0;0;0;0;0;1;0
1866;D;CEPPITELLI;Cagliari;19;5,84;5,61;0;0;0;0;0;0;0;0;5;0;1
1867;D;KRAJNC;Sampdoria;0;0;0;0;0;0;0;0;0;0;0;0;0;0
1868;D;MURRU;Cagliari;26;5,83;5,77;0;0;0;0;0;0;0;0;3;0;0
1869;D;PISACANE;Cagliari;29;5,91;5,9;1;0;0;0;0;0;0;0;7;0;0
1870;C;BARELLA;Cagliari;28;5,94;5,75;0;0;0;0;0;0;0;0;9;1;0
1871;C;DEIOLA;Cagliari;5;6;5,75;0;0;0;0;0;0;0;0;2;0;0
1872;C;DESSENA;Cagliari;18;5,76;5,94;2;0;0;0;0;0;0;0;4;1;0
1873;C;DI GENNARO D;Cagliari;20;5,98;6,12;2;0;0;0;0;0;0;0;4;1;0
1874;C;JOAO PEDRO;Cagliari;22;5,89;6,57;6;0;0;2;1;1;0;0;4;1;0
1875;C;MUNARI;Cagliari;11;5,62;5,38;0;0;0;0;0;0;0;0;5;0;0
1876;C;PAJAC;Cagliari;1;0;0;0;0;0;0;0;0;0;0;0;0;0
1878;A;COP;Cagliari;0;0;0;0;0;0;0;0;0;0;0;0;0;0
1879;A;FARIAS;Cagliari;20;5,9;6,85;5;0;0;2;2;0;0;0;4;0;0
1880;A;GIANNETTI;Cagliari;11;5,65;5,65;0;0;0;0;0;0;0;0;0;0;0
1881;A;MELCHIORRI;Cagliari;10;6,22;7,17;3;0;0;0;0;0;0;0;1;0;0
1882;A;SAU;Cagliari;34;5,91;6,46;7;0;0;0;0;0;0;0;5;0;0
1888;C;VICTOR DA SILVA;Chievo;0;0;0;0;0;0;0;0;0;0;0;0;0;0
1889;P;CORDAZ;Crotone;35;6,4;5,03;0;52;2;0;0;0;0;0;2;1;0
1890;P;FESTA;Crotone;3;6,5;4,25;0;4;0;0;0;0;0;0;1;0;0
1891;D;CECCHERINI;Crotone;34;5,97;5,93;1;0;0;0;0;0;0;0;9;0;0
1892;D;CLAITON;Crotone;10;5,56;5,44;0;0;0;0;0;0;0;0;2;0;0
1893;D;CREMONESI;Crotone;0;0;0;0;0;0;0;0;0;0;0;0;0;0
1895;D;FERRARI G.;Crotone;36;6,01;6,15;3;0;0;0;0;0;0;0;8;0;0
1896;D;MARTELLA;Crotone;29;5,76;5,69;0;0;0;0;0;0;0;0;4;0;0
1898;D;SAMPIRISI;Crotone;22;5,94;6,08;1;0;0;0;0;0;0;0;1;0;0
1900;D;ZAMPANO G;Crotone;0;0;0;0;0;0;0;0;0;0;0;0;0;0
1901;C;BARBERIS;Crotone;25;6,08;6,02;0;0;0;0;0;0;0;0;3;0;0
1902;C;DI ROBERTO;Crotone;1;0;0;0;0;0;0;0;0;0;0;0;0;0
1905;C;MAZZARANI;Crotone;0;0;0;0;0;0;0;0;0;0;0;0;0;0
1906;A;NALINI;Crotone;17;6,07;6,43;2;0;0;0;0;0;0;0;2;0;0
1907;C;SALZANO;Crotone;7;5,25;5,25;0;0;0;0;0;0;0;0;0;0;0
1908;A;DE GIORGIO;Crotone;1;0;0;0;0;0;0;0;0;0;0;0;0;0
1909;A;PALLADINO;Genoa;31;5,85;5,85;1;0;0;2;1;1;0;0;6;0;0
1910;A;TORROMINO;Crotone;0;0;0;0;0;0;0;0;0;0;0;0;0;0
1912;D;BELLUSCI;Empoli;33;5,82;5,68;1;0;0;0;0;0;0;0;15;0;0
1913;C;MATHEUS PEREIRA;Juventus;1;0;0;0;0;0;0;0;0;0;0;0;0;0
1914;C;PICCHI;Empoli;0;0;0;0;0;0;0;0;0;0;0;0;0;0
1915;C;TELLO A;Empoli;18;5,56;5,38;0;0;0;0;0;0;0;0;6;0;0
1917;P;DRAGOWSKI;Fiorentina;1;6;4;0;2;0;0;0;0;0;0;0;0;0
1918;D;DIKS;Fiorentina;2;0;0;0;0;0;0;0;0;0;0;0;0;0
1921;P;ZIMA;Genoa;0;0;0;0;0;0;0;0;0;0;0;0;0;0
1922;D;RENZETTI;Genoa;0;0;0;0;0;0;0;0;0;0;0;0;0;0
1923;C;OCAMPOS;Milan;26;6,2;6,5;2;0;0;1;1;0;0;0;5;0;0
1927;D;ERKIN;Inter;0;0;0;0;0;0;0;0;0;0;0;0;0;0
1928;D;YAO;Inter;0;0;0;0;0;0;0;0;0;0;0;0;0;0
1929;C;BANEGA;Inter;28;5,9;6,54;6;0;0;0;0;0;0;0;2;1;0
1931;D;BENATIA;Juventus;15;6,21;6,32;1;0;0;0;0;0;0;0;3;0;0
1932;D;DANI ALVES;Juventus;18;6,1;6,33;2;0;0;0;0;0;0;0;5;0;0
1933;C;MANDRAGORA;Juventus;1;0;0;0;0;0;0;0;0;0;0;0;0;0
1934;P;STRAKOSHA;Lazio;21;6,05;4,79;0;26;0;0;0;0;0;0;1;0;0
1935;P;VARGIC;Lazio;1;6;3;0;3;0;0;0;0;0;0;0;0;0
1936;C;MINALA;Lazio;0;0;0;0;0;0;0;0;0;0;0;0;0;0
1938;D;VANGIONI;Milan;14;5,68;5,55;0;0;0;0;0;0;0;0;3;0;0
1939;A;LAPADULA;Milan;27;6,15;7,08;6;0;0;2;2;0;0;0;3;0;0
1941;P;FULIGNATI;Palermo;9;6,06;4,5;0;14;0;0;0;0;0;0;0;0;0
1942;C;EMBALO;Palermo;12;5,6;5,6;0;0;0;0;0;0;0;0;0;0;0
1943;A;NESTOROVSKI;Palermo;37;5,86;6,69;10;0;0;1;1;0;0;0;5;0;0
1945;P;ALDEGANI;Pescara;0;0;0;0;0;0;0;0;0;0;0;0;0;0
1946;P;ARESTI;Pescara;0;0;0;0;0;0;0;0;0;0;0;0;0;0
1947;P;FIORILLO;Pescara;9;6;4,33;0;15;0;0;0;0;0;0;0;0;0
1948;D;CAMPAGNARO;Pescara;19;5,86;5,86;2;0;0;0;0;0;0;0;8;0;1
1949;D;FORNASIER;Pescara;22;5,65;5,55;0;0;0;0;0;0;0;0;4;0;0
1950;D;MAZZOTTA;Pescara;0;0;0;0;0;0;0;0;0;0;0;0;0;0
1951;D;VITTURINI;Pescara;3;5,67;5,67;0;0;0;0;0;0;0;0;0;0;0
1952;D;ZAMPANO;Pescara;34;5,85;5,82;0;0;0;0;0;0;0;0;2;0;0
1953;D;ZUPARIC;Pescara;7;5,67;5,58;0;0;0;0;0;0;0;0;1;0;0
1954;C;BRUNO;Pescara;15;5,57;5,37;0;0;0;0;0;0;0;0;6;0;0
1955;C;MEMUSHAJ;Pescara;36;5,91;5,79;1;0;0;2;0;2;0;0;3;0;0
1956;C;MITRITA;Pescara;15;5,88;6,08;1;0;0;0;0;0;0;0;1;0;0
1957;C;SELASI;Pescara;0;0;0;0;0;0;0;0;0;0;0;0;0;0
1958;A;CAPRARI;Pescara;35;5,89;6,37;8;0;0;3;1;2;0;0;8;0;0
1959;A;COCCO;Pescara;0;0;0;0;0;0;0;0;0;0;0;0;0;0
1960;A;DI MASSIMO;Pescara;0;0;0;0;0;0;0;0;0;0;0;0;0;0
1961;A;NICASTRO;Pescara;0;0;0;0;0;0;0;0;0;0;0;0;0;0
1964;P;ALISSON;Roma;0;0;0;0;0;0;0;0;0;0;0;0;0;0
1966;D;SECK;Roma;0;0;0;0;0;0;0;0;0;0;0;0;0;0
1967;C;GERSON;Roma;4;5,5;5,33;0;0;0;0;0;0;0;0;1;0;0
1970;P;TOZZO;Sampdoria;0;0;0;0;0;0;0;0;0;0;0;0;0;0
1971;C;ERAMO;Sampdoria;1;6;6;0;0;0;0;0;0;0;0;0;0;0
1972;C;TORREIRA;Sampdoria;35;6,06;5,96;0;0;0;0;0;0;0;0;7;0;0
1973;A;BUDIMIR;Sampdoria;11;5,83;5,83;0;0;0;0;0;0;0;0;0;0;0
1974;A;SCHICK;Sampdoria;32;6,2;7,27;11;0;0;0;0;0;0;0;2;0;0
1976;C;MAZZITELLI;Sassuolo;17;5,9;5,83;1;0;0;0;0;0;0;0;8;0;0
1977;C;SBRISSA;Sassuolo;0;0;0;0;0;0;0;0;0;0;0;0;0;0
1978;C;SENSI;Sassuolo;16;6,12;6,19;1;0;0;0;0;0;0;0;4;0;0
1979;D;BARRECA;Torino;28;5,98;5,94;0;0;0;0;0;0;0;0;2;0;0
1980;C;ARAMU;Torino;1;5,5;5,5;0;0;0;0;0;0;0;0;0;0;0
1981;A;BOYE';Torino;30;6;6,02;1;0;0;0;0;0;0;0;5;0;0
1982;A;PARIGINI;Chievo;3;5,5;5,5;0;0;0;0;0;0;0;0;0;0;0
1984;D;ANGELLA;Udinese;14;5,71;5,71;1;0;0;0;0;0;0;0;2;0;1
1985;D;MUSAVU-KING;Udinese;0;0;0;0;0;0;0;0;0;0;0;0;0;0
1986;C;FOFANA;Udinese;22;6,2;6,82;5;0;0;0;0;0;0;0;3;0;0
1987;C;JANKTO;Udinese;29;6,04;6,52;5;0;0;0;0;0;0;0;6;0;0
1988;A;EWANDRO;Udinese;5;5,75;5,75;0;0;0;0;0;0;0;0;0;0;0
1989;A;HARBAOUI;Udinese;0;0;0;0;0;0;0;0;0;0;0;0;0;0
1990;A;PENARANDA;Udinese;6;5,7;5,7;0;0;0;0;0;0;0;0;0;0;0
1991;D;BALZANO;Cagliari;0;0;0;0;0;0;0;0;0;0;0;0;0;0
1992;C;FOSSATI;Cagliari;0;0;0;0;0;0;0;0;0;0;0;0;0;0
1994;C;CINELLI;Chievo;0;0;0;0;0;0;0;0;0;0;0;0;0;0
1995;C;DJURICIC;Sampdoria;19;5,89;5,75;0;0;0;0;0;0;0;0;4;0;0
1996;C;DE PAUL;Udinese;34;5,97;6,11;3;0;0;0;0;0;0;0;7;1;0
1997;A;SIMY;Crotone;21;5,83;6,43;3;0;0;0;0;0;0;0;0;0;0
1998;A;PJACA;Juventus;13;5,83;5,78;0;0;0;0;0;0;0;0;1;0;0
1999;D;LUKAKU J.;Lazio;16;6,07;6;0;0;0;0;0;0;0;0;2;0;0
2002;A;CHIESA;Fiorentina;27;6,11;6,39;3;0;0;0;0;0;0;0;3;1;0
2003;C;MURGIA;Lazio;14;6,05;6,6;2;0;0;0;0;0;0;0;1;0;0
2004;C;TOLEDO;Fiorentina;0;0;0;0;0;0;0;0;0;0;0;0;0;0
2005;D;RAJKOVIC;Palermo;4;5,12;4,88;0;0;0;0;0;0;0;0;0;1;0
2006;D;LIROLA;Sassuolo;22;5,89;5,82;0;0;0;0;0;0;0;0;3;0;0
2007;D;WALLACE;Lazio;25;5,73;5,7;1;0;0;0;0;0;0;0;3;0;1
2008;C;LINETTY;Sampdoria;35;5,89;5,91;1;0;0;0;0;0;0;0;5;0;0
2009;C;LUKIC;Torino;14;5,79;5,54;0;0;0;0;0;0;0;0;6;0;0
2010;A;SALLAI;Palermo;21;5,39;5,42;1;0;0;0;0;0;0;0;3;1;0
2011;C;MIGUEL VELOSO;Genoa;23;5,91;5,72;0;0;0;0;0;0;0;0;7;1;0
2012;A;MILIK;Napoli;17;6,25;7,7;5;0;0;0;0;0;0;0;1;0;0
2013;A;RICCI;Sassuolo;24;5,93;6,12;1;0;0;1;1;0;0;0;4;0;0
2014;C;ROHDEN;Crotone;34;5,86;5,89;1;0;0;0;0;0;0;0;4;0;0
2015;D;LETSCHERT;Sassuolo;9;5,56;5,33;0;0;0;0;0;0;0;0;2;1;0
2016;D;FAZIO;Roma;37;6,12;6,25;2;0;0;0;0;0;0;0;3;0;0
2017;C;BOBB;Chievo;0;0;0;0;0;0;0;0;0;0;0;0;0;0
2018;A;JALLOW;Chievo;2;6;6;0;0;0;0;0;0;0;0;0;0;0
2019;D;BRUNO L;Crotone;0;0;0;0;0;0;0;0;0;0;0;0;0;0
2020;A;FORESTA;Crotone;0;0;0;0;0;0;0;0;0;0;0;0;0;0
2029;D;ZANON L;Fiorentina;0;0;0;0;0;0;0;0;0;0;0;0;0;0
2032;A;HAGI;Fiorentina;2;6;5,75;0;0;0;0;0;0;0;0;1;0;0
2034;D;ANIBAL;Genoa;0;0;0;0;0;0;0;0;0;0;0;0;0;0
2035;D;IERARDI;Genoa;0;0;0;0;0;0;0;0;0;0;0;0;0;0
2037;D;MIANGUE;Cagliari;7;5,8;5,7;0;0;0;0;0;0;0;0;1;0;0
2038;A;PINAMONTI;Inter;2;6;6;0;0;0;0;0;0;0;0;0;0;0
2039;D;GERMONI;Lazio;0;0;0;0;0;0;0;0;0;0;0;0;0;0
2040;A;LOMBARDI;Lazio;18;6,05;6,05;1;0;0;0;0;0;0;0;4;0;1
2041;A;DUMITRU;Napoli;0;0;0;0;0;0;0;0;0;0;0;0;0;0
2042;A;INSIGNE R;Napoli;0;0;0;0;0;0;0;0;0;0;0;0;0;0
2043;D;GRANATA;Napoli;0;0;0;0;0;0;0;0;0;0;0;0;0;0
2044;D;CELIENTO;Napoli;0;0;0;0;0;0;0;0;0;0;0;0;0;0
2045;D;GIULIANO;Palermo;0;0;0;0;0;0;0;0;0;0;0;0;0;0
2046;D;PUNZI;Palermo;0;0;0;0;0;0;0;0;0;0;0;0;0;0
2047;C;TOSCANO;Palermo;0;0;0;0;0;0;0;0;0;0;0;0;0;0
2048;A;LO FASO;Palermo;10;5,67;5,67;0;0;0;0;0;0;0;0;0;0;0
2049;C;BULEVARDI;Pescara;0;0;0;0;0;0;0;0;0;0;0;0;0;0
2050;C;CAMPANA;Sampdoria;0;0;0;0;0;0;0;0;0;0;0;0;0;0
2051;D;ALEESAMI;Palermo;31;5,68;5,68;1;0;0;0;0;0;0;0;6;0;0
2052;D;GOMEZ G;Milan;17;5,71;5,54;0;0;0;0;0;0;0;0;4;0;0
2054;C;CABEZAS;Atalanta;1;6;6;0;0;0;0;0;0;0;0;0;0;0
2055;D;VERMAELEN;Roma;9;5,6;5,5;0;0;0;0;0;0;0;0;1;0;0
2057;C;GUSTAFSON;Torino;5;5,5;5,4;0;0;0;0;0;0;0;0;1;0;0
2058;C;SANCHEZ C;Fiorentina;31;5,78;5,78;1;0;0;0;0;0;0;0;6;0;0
2059;C;LEITNER;Lazio;2;0;0;0;0;0;0;0;0;0;0;0;0;0
2060;D;MILIC;Fiorentina;17;5,78;5,66;0;0;0;0;0;0;0;0;4;0;0
2061;A;SIMEONE;Genoa;35;6,03;6,96;11;0;0;2;1;1;0;0;3;0;0
2062;D;BASTOS;Lazio;11;6;5,7;0;0;0;0;0;0;0;0;4;1;0
2063;C;JOSE' SOSA;Milan;18;5,85;5,59;0;0;0;0;0;0;0;0;5;2;0
2064;D;VESELI;Empoli;17;5,66;5,56;0;0;0;0;0;0;0;0;3;0;0
2065;C;PRAET;Sampdoria;32;5,86;5,89;1;0;0;0;0;0;0;0;4;0;0
2066;C;MURIC;Pescara;5;5,88;6,62;1;0;0;0;0;0;0;0;0;0;0
2067;D;SALCEDO;Fiorentina;18;5,5;5,31;0;0;0;0;0;0;0;0;7;0;0
2068;A;BAHEBECK;Pescara;15;6,04;6,96;4;0;0;0;0;0;0;0;0;0;0
2070;A;PETTINARI;Pescara;6;5,58;5,5;0;0;0;0;0;0;0;0;1;0;0
2071;D;DUSSENNE;Crotone;8;5,62;5,44;0;0;0;0;0;0;0;0;1;1;0
2072;C;BASTIEN;Chievo;12;5,71;5,96;1;0;0;0;0;0;0;0;0;0;0
2073;A;RAGUSA;Sassuolo;25;5,95;6,39;4;0;0;0;0;0;0;0;5;0;0
2074;C;AQUILANI;Sassuolo;25;5,69;5,69;1;0;0;0;0;0;0;0;4;1;0
2075;C;CRISTOFORO;Fiorentina;19;5,79;5,75;0;0;0;0;0;0;0;0;2;0;0
2076;C;ROG;Napoli;15;6,25;6,05;0;0;0;0;0;0;0;0;4;0;0
2077;C;PASALIC;Milan;23;6,02;6,48;4;0;0;0;0;0;0;0;5;0;0
2078;C;JOAO MARIO;Inter;30;5,97;6,19;3;0;0;0;0;0;0;0;5;0;0
2079;C;BRUNO HENRIQUE;Palermo;33;5,82;5,81;1;0;0;0;0;0;0;0;7;0;0
2080;D;AMUZIE;Sampdoria;0;0;0;0;0;0;0;0;0;0;0;0;0;0
2081;C;KUMS;Udinese;29;5,67;5,62;0;0;0;0;0;0;0;0;3;0;0
2082;A;GABIGOL;Inter;9;6,07;6,36;1;0;0;0;0;0;0;0;3;0;0
2083;D;BIRASCHI;Genoa;7;6,08;5,92;0;0;0;0;0;0;0;0;2;0;0
2084;P;HART;Torino;36;6;4,25;0;62;0;0;0;0;0;0;2;0;0
2085;A;LUIS ALBERTO;Lazio;9;6;6,43;1;0;0;0;0;0;0;0;0;0;0
2086;A;IEMMELLO;Sassuolo;17;5,96;7,17;4;0;0;1;1;0;0;0;1;0;0
2087;D;OLIVERA M;Fiorentina;18;5,81;5,72;0;0;0;0;0;0;0;0;4;0;0
2088;P;COJOCARU;Crotone;0;0;0;0;0;0;0;0;0;0;0;0;0;0
2089;A;PESIC;Atalanta;6;5,75;5,75;0;0;0;0;0;0;0;0;0;0;0
2090;D;ORBAN L;Genoa;11;5,17;4,61;0;0;0;0;0;0;0;0;4;1;1
2091;P;PLIZZARI;Milan;0;0;0;0;0;0;0;0;0;0;0;0;0;0
2092;P;COPPOLA D;Torino;0;0;0;0;0;0;0;0;0;0;0;0;0;0
2095;C;ARMENAKAS;Udinese;0;0;0;0;0;0;0;0;0;0;0;0;0;0
2096;P;CUCCHIETTI;Torino;0;0;0;0;0;0;0;0;0;0;0;0;0;0
2097;A;KEAN;Juventus;3;7;10;1;0;0;0;0;0;0;0;0;0;0
2100;C;OKWONKWO;Bologna;9;5,75;5,67;0;0;0;0;0;0;0;0;1;0;0
2101;A;PEREZ;Fiorentina;1;6;6;0;0;0;0;0;0;0;0;0;0;0
2103;A;PELLEGRI;Genoa;3;7;10;1;0;0;0;0;0;0;0;0;0;0
2104;D;BERESZYNSKI;Sampdoria;13;5,83;5,79;0;0;0;0;0;0;0;0;1;0;0
2105;C;BEGHETTO;Genoa;3;5,75;5,75;0;0;0;0;0;0;0;0;0;0;0
2106;C;MOROSINI;Genoa;4;5,25;5,25;0;0;0;0;0;0;0;0;0;0;0
2107;C;KIYINE;Chievo;7;5,83;5,67;0;0;0;0;0;0;0;0;1;0;0
2108;A;ROSSI A;Lazio;3;6;6;0;0;0;0;0;0;0;0;0;0;0
2109;D;CARLAO;Torino;4;5,5;5,38;0;0;0;0;0;0;0;0;1;0;0
2110;A;STEFAN SILVA;Palermo;1;5,5;5,5;0;0;0;0;0;0;0;0;0;0;0
2111;C;TAARABT;Genoa;6;5,58;5,58;0;0;0;0;0;0;0;0;0;0;0
2112;A;THIAM;Empoli;15;5,89;6,07;1;0;0;0;0;0;0;0;1;0;0
2113;C;CUBAS;Pescara;1;0;0;0;0;0;0;0;0;0;0;0;0;0
2114;A;PETKOVIC;Bologna;11;5,61;5,56;0;0;0;0;0;0;0;0;1;0;0
2115;D;DELLI CARRI;Pescara;0;0;0;0;0;0;0;0;0;0;0;0;0;0
2116;C;FARAGO';Cagliari;9;5,79;5,71;0;0;0;0;0;0;0;0;1;0;0
2117;C;KASTANOS;Pescara;8;5,33;5,25;0;0;0;0;0;0;0;0;1;0;0
2118;D;SUNJIC;Palermo;7;5,25;5,12;0;0;0;0;0;0;0;0;1;0;0
2119;A;DEULOFEU;Milan;16;6,44;7,06;4;0;0;0;0;0;0;0;4;0;0
2120;D;BASTONI;Atalanta;3;5,83;5,83;0;0;0;0;0;0;0;0;0;0;0
2121;C;MELEGONI;Atalanta;1;5,5;5,5;0;0;0;0;0;0;0;0;0;0;0
2122;A;LATTE LATH;Atalanta;0;0;0;0;0;0;0;0;0;0;0;0;0;0
2123;C;MUNTARI;Pescara;9;5,56;5,61;1;0;0;0;0;0;0;0;5;0;0
2124;C;ZAJC;Empoli;5;6,3;6,9;1;0;0;0;0;0;0;0;0;0;0
2126;C;GRENIER;Roma;6;6,25;6,12;0;0;0;0;0;0;0;0;1;0;0
2127;P;SATALINO;Fiorentina;0;0;0;0;0;0;0;0;0;0;0;0;0;0
2128;D;SAINSBURY;Inter;1;0;0;0;0;0;0;0;0;0;0;1;0;0
2129;D;SIMIC L;Sampdoria;0;0;0;0;0;0;0;0;0;0;0;0;0;0
2130;D;HATEBOER;Atalanta;6;6,17;5,83;0;0;0;0;0;0;0;0;2;0;0
2131;A;RANEGIE;Udinese;0;0;0;0;0;0;0;0;0;0;0;0;0;0
2132;C;KOTNIK;Crotone;2;5,5;5,5;0;0;0;0;0;0;0;0;0;0;0
2133;C;VALENCIA JM;Bologna;0;0;0;0;0;0;0;0;0;0;0;0;0;0
2134;P;FALCONE;Sampdoria;0;0;0;0;0;0;0;0;0;0;0;0;0;0
2135;A;SERRA;Cagliari;1;6;6;0;0;0;0;0;0;0;0;0;0;0
2136;A;TOUNKARA;Lazio;1;0;0;0;0;0;0;0;0;0;0;0;0;0
2137;A;SCAMACCA;Sassuolo;0;0;0;0;0;0;0;0;0;0;0;0;0;0
2138;C;SULJIC;Crotone;1;0;0;0;0;0;0;0;0;0;0;0;0;0
2141;C;DEPAOLI;Chievo;6;6,1;5,8;0;0;0;0;0;0;0;0;1;1;0
2143;D;CUOMO G;Crotone;1;0;0;0;0;0;0;0;0;0;0;0;0;0
2144;C;COULIBALY;Pescara;9;5,61;5,39;0;0;0;0;0;0;0;0;4;0;0
2145;C;MILICEVIC;Pescara;3;5,25;5;0;0;0;0;0;0;0;0;1;0;0
2146;A;HAN;Cagliari;5;6,17;7,17;1;0;0;0;0;0;0;0;0;0;0
2151;A;MLAKAR;Fiorentina;1;5;5;0;0;0;0;0;0;0;0;0;0;0
2152;A;JAKUPOVIC;Empoli;1;0;0;0;0;0;0;0;0;0;0;0;0;0
2153;C;RUGGIERO;Palermo;2;6,25;6,25;0;0;0;0;0;0;0;0;0;0;0
2154;A;VIGNATO;Chievo;2;6;6;0;0;0;0;0;0;0;0;0;0;0
2155;A;CUTRONE;Milan;1;0;0;0;0;0;0;0;0;0;0;1;0;0
2156;P;CROSTA;Cagliari;1;8;10;0;1;1;0;0;0;0;0;0;0;0
2157;C;BIANCU;Cagliari;1;6;6;0;0;0;0;0;0;0;0;0;0;0
2158;D;SPIZZICHINO;Lazio;1;6;6;0;0;0;0;0;0;0;0;0;0;0
2159;A;BORELLO;Crotone;1;0;0;0;0;0;0;0;0;0;0;0;0;0
2164;D;MILENKOVIC;Fiorentina;0;0;0;0;0;0;0;0;0;0;0;0;0;0
