Id,R,Nome,Squadra,Pg,Gf,Gs,Ass,Amm,Esp,Mv,Mf,Mv2,Mf2,Mv3,Mf3,Mv4,Mf4,Mv5,Mf5,Hmf
3,P,RADUNOVIC,Verona,3,0,8,0,1,0,5.67,2.83,0.0,0.0,0.0,0.0,0.0,0.0,0.0,0.0,0.0
4,P,SPORTIELLO,Atalanta,6,0,5,0,0,0,6.0,5.17,6.03,4.66,6.08,4.85,5.94,4.55,5.99,4.68,4.68
5,D,ALMICI,Verona,0,0,0,0,0,0,0.0,0.0,0.0,0.0,0.0,0.0,0.0,0.0,0.0,0.0,0.0
11,D,CONTI,Milan,23,0,0,2,8,0,5.62,5.52,5.81,5.79,5.87,5.86,6.01,6.14,5.98,6.17,6.17
15,D,MASIELLO A.,Genoa,22,0,0,1,5,0,5.73,5.66,5.86,5.76,6.0,6.03,6.04,6.1,6.01,6.04,6.04
20,C,CIGARINI,Cagliari,22,0,0,3,6,1,6.0,5.95,5.96,5.86,5.92,5.84,5.82,5.66,5.88,5.78,5.78
21,C,D'ALESSANDRO,SPAL,15,2,0,0,0,1,5.73,6.07,5.79,5.94,5.85,6.03,5.92,6.08,5.98,6.21,6.21
22,C,DE ROON,Atalanta,35,2,0,5,12,0,5.99,6.07,6.02,6.11,6.01,6.09,0.0,0.0,0.0,0.0,6.09
26,C,GOMEZ A.,Atalanta,36,7,0,13,2,0,6.69,7.61,6.52,7.38,6.47,7.28,6.55,7.46,6.52,7.4,7.4
27,C,GRASSI,Parma,16,1,0,1,6,0,5.96,6.04,5.9,5.94,5.96,6.08,5.95,6.08,5.97,6.02,6.02
28,C,KURTIC,Parma,36,4,0,1,10,0,5.96,6.18,6.04,6.46,5.93,6.27,5.96,6.31,5.94,6.24,6.24
40,P,DA COSTA,Bologna,1,0,1,0,0,0,6.0,5.0,3.0,2.5,4.13,3.37,4.72,3.76,4.96,4.01,4.01
41,P,MIRANTE,Roma,5,0,5,0,0,0,6.7,5.7,6.56,5.92,6.41,5.47,6.28,5.23,6.29,5.22,5.22
42,P,SARR M.,Bologna,0,0,0,0,0,0,0.0,0.0,0.0,0.0,0.0,0.0,0.0,0.0,0.0,0.0,0.0
45,D,FERRARI A.,Sampdoria,12,0,0,0,4,0,5.71,5.54,5.69,5.52,5.65,5.55,5.62,5.54,5.63,5.53,5.53
47,D,GASTALDELLO,Brescia,8,0,0,0,1,0,5.57,5.5,0.0,0.0,0.0,0.0,0.0,0.0,0.0,0.0,0.0
50,D,MBAYE,Bologna,20,0,0,2,5,0,5.74,5.71,5.75,5.81,5.76,5.78,5.76,5.66,5.71,5.61,5.61
54,D,ROSSETTINI,Lecce,26,0,0,1,5,0,5.65,5.6,5.64,5.55,5.73,5.63,5.77,5.68,5.76,5.75,5.75
57,C,CRISETIG,Bologna,0,0,0,0,0,0,0.0,0.0,2.9,2.78,3.87,3.71,4.35,4.18,4.56,4.41,4.41
58,C,DIAWARA,Roma,22,1,0,0,4,0,6.02,6.08,5.9,5.84,5.95,6.0,6.02,6.04,6.02,6.01,6.01
60,C,RIZZO,Bologna,0,0,0,0,0,0,0.0,0.0,0.0,0.0,1.98,2.18,2.88,3.02,3.48,3.6,3.6
65,C,MANCOSU,Lecce,33,14,0,2,3,0,5.88,6.98,0.0,0.0,0.0,0.0,0.0,0.0,0.0,0.0,0.0
73,D,GAGLIOLO,Parma,32,3,0,3,7,0,5.97,6.24,5.92,5.96,0.0,0.0,0.0,0.0,0.0,0.0,5.96
81,C,DI GAUDIO,Verona,0,0,0,0,0,0,0.0,0.0,2.7,2.7,0.0,0.0,0.0,0.0,0.0,0.0,2.7
84,D,MARRONE,Verona,0,0,0,0,0,0,0.0,0.0,0.0,0.0,0.0,0.0,0.0,0.0,0.0,0.0,0.0
90,A,LASAGNA,Udinese,36,10,0,1,1,0,5.96,6.81,5.88,6.53,5.96,6.81,0.0,0.0,0.0,0.0,6.81
92,A,MATOS,Udinese,0,0,0,0,0,0,0.0,0.0,0.0,0.0,0.0,0.0,0.0,0.0,0.0,0.0,0.0
97,P,SECULIN,Sampdoria,0,0,0,0,0,0,0.0,0.0,5.5,2.0,3.67,1.33,4.25,1.94,4.73,2.75,2.75
99,D,CACCIATORE,Cagliari,16,0,0,0,1,1,5.8,5.7,5.86,5.83,5.84,5.87,5.89,5.9,5.89,5.92,5.92
106,D,MATTIELLO,Cagliari,18,0,0,1,3,0,6.06,6.03,5.82,5.88,5.8,5.78,4.35,4.34,4.58,4.77,4.77
111,C,BIRSA,Cagliari,13,0,0,0,1,0,5.61,5.56,5.73,5.84,5.8,6.02,5.9,6.18,5.95,6.29,6.29
112,C,CASTRO,SPAL,22,2,0,0,2,0,5.86,6.09,5.93,6.28,5.95,6.32,5.97,6.33,5.99,6.31,6.31
118,C,RADOVANOVIC,Genoa,19,0,0,0,3,0,5.97,5.88,5.9,5.8,5.94,5.86,5.9,5.81,5.89,5.79,5.79
123,A,INGLESE,Parma,17,4,0,0,1,0,5.79,6.29,5.92,6.74,5.93,6.81,5.94,6.82,5.93,6.71,6.71
126,A,PALOSCHI,Cagliari,17,0,0,0,0,0,5.54,5.54,5.6,5.72,5.63,5.93,5.52,5.65,5.63,5.92,5.92
133,P,SKORUPSKI,Bologna,37,0,64,0,2,0,6.05,4.38,6.04,4.46,6.2,5.14,6.23,5.11,6.23,5.04,5.04
139,D,DERMAKU,Parma,16,0,0,0,2,0,5.93,5.86,0.0,0.0,0.0,0.0,0.0,0.0,0.0,0.0,0.0
140,D,HYSAJ,Napoli,20,1,0,2,3,0,5.84,6.03,5.8,5.9,5.81,5.87,5.84,5.84,5.88,5.87,5.87
141,D,LAURINI,Parma,15,0,0,2,4,0,5.77,5.77,5.77,5.7,5.8,5.73,5.78,5.7,5.81,5.75,5.75
142,D,MARIO RUI,Napoli,24,0,0,2,9,0,5.83,5.72,5.85,5.82,5.88,5.93,5.94,5.95,5.94,5.93,5.93
144,D,TONELLI,Sampdoria,9,0,0,0,4,0,5.83,5.61,5.88,5.72,5.88,6.02,5.95,6.47,5.93,6.35,6.35
148,C,KRUNIC,Milan,15,0,0,1,3,0,5.88,5.83,5.97,6.2,0.0,0.0,0.0,0.0,0.0,0.0,6.2
150,C,SAPONARA,Lecce,17,2,0,3,3,0,5.94,6.41,5.98,6.42,6.04,6.38,5.95,6.29,6.0,6.38,6.38
152,C,ZIELINSKI,Napoli,37,2,0,3,4,0,5.97,6.17,6.06,6.39,6.1,6.43,6.16,6.52,6.18,6.55,6.55
159,P,SEPE,Parma,34,0,53,0,1,0,6.24,4.93,6.18,4.7,6.12,5.13,4.59,3.85,3.67,3.08,3.08
169,D,TOMOVIC,SPAL,23,0,0,1,5,1,5.5,5.29,5.6,5.62,5.64,5.6,5.65,5.56,5.66,5.56,5.56
170,C,BADELJ,Fiorentina,22,1,0,0,1,1,5.52,5.6,5.68,5.68,5.8,5.81,5.84,5.86,5.87,5.88,5.88
172,C,BORJA VALERO,Inter,19,2,0,0,4,0,6.07,6.39,6.06,6.18,6.04,6.17,6.04,6.14,6.12,6.28,6.28
173,C,CAPEZZI,Sampdoria,0,0,0,0,0,0,0.0,0.0,2.9,2.72,3.82,3.82,4.31,4.26,3.45,3.41,3.41
177,A,ILICIC,Atalanta,26,15,0,4,1,1,6.58,8.48,6.51,8.04,6.5,7.95,6.36,7.52,6.35,7.59,7.59
179,C,PETRICCIONE,Lecce,31,0,0,3,10,0,5.94,5.87,0.0,0.0,0.0,0.0,0.0,0.0,0.0,0.0,0.0
181,C,VECINO,Inter,20,2,0,1,4,0,5.89,6.17,5.88,6.13,5.9,6.14,5.93,6.16,5.94,6.14,6.14
183,A,BABACAR,Lecce,25,3,0,0,4,0,5.7,5.74,5.83,6.31,5.89,6.44,5.96,6.72,5.98,6.82,6.82
184,C,BERNARDESCHI,Juventus,29,1,0,1,6,0,5.56,5.62,5.82,5.96,5.98,6.41,6.02,6.55,6.04,6.5,6.5
186,A,REBIC,Milan,26,11,0,2,5,0,6.27,7.77,0.0,0.0,0.0,0.0,0.0,0.0,0.0,0.0,0.0
216,P,DONNARUMMA AN.,Milan,0,0,0,0,0,0,0.0,0.0,0.0,0.0,0.0,0.0,0.0,0.0,0.0,0.0,0.0
218,P,PERIN,Genoa,21,0,38,0,1,0,6.0,4.17,5.97,4.58,6.03,4.73,6.06,4.79,6.12,4.88,4.88
220,P,UJKANI,Torino,1,0,3,0,0,0,6.5,3.5,0.0,0.0,0.0,0.0,0.0,0.0,0.0,0.0,0.0
224,D,DE MAIO,Udinese,21,0,0,0,1,0,5.83,5.81,5.92,5.91,5.91,5.92,5.85,5.83,5.83,5.8,5.8
226,D,IZZO,Torino,31,1,0,0,5,2,5.82,5.77,6.02,6.13,6.02,6.14,5.99,6.02,5.98,5.98,5.98
234,C,KUCKA,Parma,26,6,0,2,4,1,6.0,6.65,5.93,6.56,0.0,0.0,0.0,0.0,0.0,0.0,6.56
235,C,LAXALT,Milan,20,0,0,1,4,0,5.73,5.7,5.71,5.66,5.8,5.87,5.85,5.91,5.89,6.0,6.0
236,C,LAZOVIC,Verona,38,3,0,7,4,0,6.16,6.53,6.05,6.42,5.96,6.21,5.95,6.16,5.92,6.11,6.11
237,C,PEROTTI,Roma,21,5,0,3,3,1,6.16,7.12,6.14,7.14,6.13,6.97,6.16,7.0,6.18,6.96,6.96
238,C,RINCON,Torino,32,1,0,2,11,0,5.85,5.84,5.92,5.94,5.91,5.89,5.94,5.91,6.0,6.03,6.03
241,C,TACHTSIDIS,Lecce,28,0,0,2,5,1,5.54,5.48,0.0,0.0,0.0,0.0,0.0,0.0,0.0,0.0,0.0
244,D,GHIGLIONE,Genoa,25,0,0,5,4,0,5.76,5.89,5.77,5.89,0.0,0.0,0.0,0.0,0.0,0.0,5.89
245,A,PANDEV,Genoa,34,9,0,2,4,1,6.18,7.07,6.12,6.84,6.02,6.65,5.94,6.53,5.87,6.33,6.33
247,A,PAVOLETTI,Cagliari,2,0,0,0,0,0,5.5,5.5,5.86,6.58,5.89,6.66,5.87,6.6,5.93,6.85,6.85
248,P,BERNI,Inter,0,0,0,0,0,0,0.0,0.0,0.0,0.0,0.0,0.0,0.0,0.0,0.0,0.0,0.0
250,P,HANDANOVIC,Inter,35,0,32,0,2,0,6.21,5.36,6.23,5.37,6.25,5.4,6.26,5.3,6.27,5.32,5.32
252,D,BIRAGHI,Inter,25,2,0,6,3,0,6.0,6.46,5.94,6.23,5.9,6.12,5.86,5.98,4.69,4.79,4.79
253,D,D'AMBROSIO,Inter,22,4,0,0,6,0,6.17,6.67,6.06,6.43,6.04,6.35,6.05,6.33,6.03,6.29,6.29
254,D,DIMARCO,Verona,16,0,0,2,1,0,5.94,5.89,5.93,5.94,0.0,0.0,0.0,0.0,0.0,0.0,5.94
256,D,JUAN JESUS,Roma,4,0,0,0,2,0,5.0,4.67,5.4,5.21,5.54,5.37,5.64,5.46,5.66,5.5,5.5
259,D,MURILLO,Sampdoria,10,0,0,0,1,1,5.44,5.28,0.0,0.0,0.0,0.0,0.0,0.0,0.0,0.0,0.0
261,D,RANOCCHIA,Inter,7,0,0,0,3,0,6.14,5.93,6.07,5.72,6.12,5.98,6.06,5.92,5.96,5.81,5.81
262,D,SANTON,Roma,15,0,0,0,4,0,5.6,5.5,5.7,5.69,5.73,5.7,5.73,5.69,5.73,5.69,5.69
264,C,BESSA,Verona,0,0,0,0,0,0,0.0,0.0,2.9,2.92,3.89,4.01,2.92,3.01,2.33,2.41,2.41
265,C,BROZOVIC,Inter,32,3,0,5,9,0,6.28,6.58,6.13,6.3,6.17,6.48,6.04,6.38,6.04,6.39,6.39
272,C,MEDEL,Bologna,23,0,0,0,10,1,5.91,5.65,0.0,0.0,0.0,0.0,0.0,0.0,0.0,0.0,0.0
277,A,ICARDI,Inter,0,0,0,0,0,0,0.0,0.0,2.95,3.54,4.07,5.28,4.61,6.02,4.91,6.35,6.35
280,A,PALACIO,Bologna,35,7,0,3,5,0,6.02,6.67,6.08,6.62,6.05,6.53,6.0,6.35,6.04,6.39,6.39
281,A,PUSCAS,Inter,0,0,0,0,0,0,0.0,0.0,0.0,0.0,0.0,0.0,0.0,0.0,0.0,0.0,0.0
282,P,BUFFON,Juventus,9,0,10,0,0,0,5.89,4.78,0.0,0.0,0.0,0.0,0.0,0.0,0.0,0.0,0.0
286,D,BONUCCI,Juventus,35,3,0,0,9,0,6.09,6.21,6.0,6.19,5.94,6.1,6.02,6.19,6.04,6.21,6.21
287,D,CACERES,Fiorentina,27,1,0,0,8,1,5.96,5.89,5.77,5.72,5.81,5.97,0.0,0.0,0.0,0.0,5.97
288,D,CHIELLINI,Juventus,4,1,0,0,0,0,6.25,7.0,6.28,6.7,6.25,6.54,6.28,6.54,6.26,6.47,6.47
294,D,RUGANI,Juventus,10,0,0,0,2,0,5.5,5.39,5.66,5.76,5.8,5.95,5.96,6.14,6.0,6.14,6.14
295,D,ASAMOAH,Inter,8,0,0,1,1,0,6.19,6.25,6.14,6.14,6.13,6.09,6.14,6.1,6.18,6.16,6.16
299,C,KHEDIRA,Juventus,12,0,0,1,3,0,5.83,5.79,5.92,6.2,5.98,6.53,6.02,6.55,6.08,6.66,6.66
305,C,STURARO,Genoa,16,1,0,1,7,0,5.75,5.78,5.58,5.79,5.61,5.74,5.71,5.76,5.71,5.76,5.76
306,A,CERRI,SPAL,19,2,0,0,2,0,5.68,6.04,5.59,5.72,0.0,0.0,0.0,0.0,0.0,0.0,5.72
309,A,DYBALA,Juventus,33,11,0,7,5,0,6.64,7.81,6.38,7.26,6.43,7.68,6.48,7.73,6.48,7.86,7.86
311,A,LLORENTE,Napoli,17,3,0,1,1,0,6.09,6.95,0.0,0.0,0.0,0.0,0.0,0.0,0.0,0.0,0.0
312,A,MANDZUKIC,Juventus,0,0,0,0,0,0,0.0,0.0,3.13,3.75,4.08,4.65,4.63,5.18,4.96,5.61,5.61
315,A,ZAZA,Torino,24,6,0,1,7,0,5.85,6.52,5.8,6.32,0.0,0.0,0.0,0.0,0.0,0.0,6.32
316,P,BERISHA E.,SPAL,26,0,44,0,1,0,6.37,4.65,6.18,4.62,6.16,4.78,6.17,4.88,6.15,4.92,4.92
317,P,GUERRIERI,Lazio,0,0,0,0,0,0,0.0,0.0,2.5,1.0,1.67,0.67,0.0,0.0,0.0,0.0,0.67
318,P,MARCHETTI,Genoa,0,0,0,0,0,0,0.0,0.0,2.81,1.5,1.87,1.0,2.9,2.01,3.57,2.63,2.63
322,D,DE VRIJ,Inter,34,4,0,1,5,0,6.22,6.53,6.14,6.35,6.19,6.49,6.18,6.45,6.1,6.31,6.31
327,D,PATRIC,Lazio,21,0,0,0,2,1,5.86,5.76,5.75,5.68,5.9,5.89,5.92,5.89,5.88,5.8,5.8
329,D,RADU,Lazio,29,1,0,0,8,0,5.93,5.9,5.8,5.76,5.83,5.77,5.83,5.79,5.79,5.73,5.73
331,C,BIGLIA,Milan,14,0,0,1,4,0,5.39,5.28,5.66,5.66,5.76,5.78,5.86,5.89,5.95,6.04,6.04
332,C,CANDREVA,Inter,32,5,0,7,5,0,6.23,6.88,6.09,6.56,6.06,6.42,6.04,6.41,6.1,6.56,6.56
333,C,CATALDI,Lazio,21,1,0,0,3,0,6.06,6.19,6.06,6.39,5.94,6.18,5.91,6.07,5.86,6.01,6.01
338,C,LULIC,Lazio,20,0,0,2,6,0,5.85,5.8,5.86,5.98,5.88,6.04,5.94,6.1,5.93,6.1,6.1
342,C,PAROLO,Lazio,29,1,0,0,8,0,5.88,5.84,5.92,6.09,5.92,6.19,5.96,6.24,5.94,6.19,6.19
350,P,DONNARUMMA G.,Milan,36,0,42,0,3,0,6.18,5.31,6.24,5.38,6.17,5.2,6.23,5.23,6.25,5.24,5.24
357,D,CALABRIA,Milan,25,1,0,1,2,2,5.74,5.78,5.82,5.87,5.9,6.02,5.94,6.0,5.96,5.94,5.94
358,D,DE SCIGLIO,Juventus,9,0,0,0,1,0,6.0,5.93,6.02,5.99,6.14,6.19,6.09,6.1,5.97,5.97,5.97
365,D,ZAPATA C.,Genoa,20,1,0,0,4,0,5.71,5.66,5.93,5.83,5.98,5.89,6.02,6.0,5.95,5.95,5.95
366,C,BERTOLACCI,Sampdoria,12,0,0,0,3,0,5.75,5.6,2.88,2.8,3.91,3.85,4.4,4.38,4.67,4.67,4.67
367,C,BONAVENTURA,Milan,29,3,0,5,2,0,6.1,6.64,6.14,6.98,6.12,6.94,6.21,6.92,6.22,6.92,6.92
374,C,POLI,Bologna,28,2,0,0,5,0,6.02,6.15,5.98,6.23,5.97,6.15,6.0,6.12,5.96,6.07,6.07
375,C,SUSO,Milan,16,1,0,2,2,0,5.75,6.0,5.97,6.45,6.01,6.55,6.09,6.62,6.12,6.71,6.71
376,C,VERDI,Torino,33,2,0,6,4,0,5.86,6.17,5.88,6.36,6.0,6.71,6.03,6.73,6.09,6.93,6.93
380,A,MATRI,Sassuolo,8,0,0,0,1,1,5.67,5.33,5.72,5.72,5.71,5.75,5.74,6.0,5.71,6.04,6.04
383,A,PETAGNA,SPAL,36,12,0,1,5,0,5.99,6.78,6.02,7.02,5.96,6.77,6.02,6.74,4.82,5.39,5.39
385,P,GABRIEL,Lecce,34,0,76,0,4,0,6.15,3.97,3.08,1.98,2.05,1.32,2.96,1.78,3.56,2.63,2.63
386,P,RAFAEL CABRAL,Sampdoria,0,0,0,0,0,0,0.0,0.0,3.0,3.0,2.0,2.0,3.12,2.88,2.5,2.3,2.3
387,P,REINA,Milan,1,0,1,0,0,0,6.0,8.0,6.06,6.44,6.04,6.03,6.06,5.82,6.07,5.72,5.72
390,D,GHOULAM,Napoli,9,0,0,1,2,0,5.94,5.94,5.97,6.14,6.13,6.5,6.16,6.44,6.14,6.36,6.36
392,D,KOULIBALY,Napoli,25,0,0,0,7,1,5.85,5.58,6.03,5.92,6.15,6.2,6.16,6.22,6.19,6.21,6.21
393,D,LUPERTO,Napoli,9,0,0,0,2,0,5.43,5.29,5.56,5.5,0.0,0.0,0.0,0.0,0.0,0.0,5.5
395,D,STRINIC,Milan,0,0,0,0,0,0,0.0,0.0,0.0,0.0,1.94,1.97,2.99,2.98,3.54,3.53,3.53
397,C,ALLAN,Napoli,23,2,0,1,3,0,5.91,6.26,6.06,6.24,6.12,6.37,6.12,6.32,6.17,6.4,6.4
405,C,VALDIFIORI,SPAL,22,0,0,3,5,0,5.71,5.74,5.78,5.78,5.72,5.7,5.77,5.73,5.7,5.62,5.62
406,C,CALLEJON,Napoli,33,4,0,7,2,0,6.03,6.59,6.1,6.66,6.12,6.84,6.18,6.99,6.18,6.96,6.96
407,A,GABBIADINI,Sampdoria,33,11,0,1,2,0,6.12,7.16,6.0,6.85,0.0,0.0,0.0,0.0,0.0,0.0,6.85
408,A,HIGUAIN,Juventus,32,8,0,3,2,0,6.12,6.98,6.04,6.94,6.06,7.11,6.17,7.42,6.32,7.94,7.94
409,A,INSIGNE,Napoli,37,8,0,4,1,0,6.12,6.86,6.13,7.0,6.2,7.07,6.32,7.33,6.31,7.36,7.36
410,A,MERTENS,Napoli,31,9,0,6,5,0,6.23,7.21,6.28,7.59,6.23,7.59,6.4,8.0,6.36,7.73,7.73
412,P,COLOMBI,Parma,4,0,4,0,0,0,6.12,5.12,0.0,0.0,0.0,0.0,0.0,0.0,0.0,0.0,0.0
418,D,GOLDANIGA,Genoa,13,1,0,0,4,0,5.64,5.73,5.6,5.66,5.72,5.75,5.7,5.7,5.72,5.78,5.78
423,D,RISPOLI,Lecce,28,0,0,0,6,0,5.7,5.58,0.0,0.0,0.0,0.0,0.0,0.0,0.0,0.0,0.0
430,C,BRUGMAN,Parma,22,0,0,1,5,0,5.83,5.79,0.0,0.0,0.0,0.0,0.0,0.0,0.0,0.0,0.0
433,C,HILJEMARK,Genoa,0,0,0,0,0,0,0.0,0.0,2.78,2.88,3.81,3.93,4.27,4.42,4.56,4.74,4.74
434,C,JAJALO,Udinese,26,0,0,0,6,1,5.77,5.6,0.0,0.0,0.0,0.0,0.0,0.0,0.0,0.0,0.0
438,C,RIGONI L,Parma,0,0,0,0,0,0,0.0,0.0,2.78,2.85,3.81,3.95,4.34,4.46,4.66,4.83,4.83
441,A,BELOTTI,Torino,36,16,0,3,4,0,6.17,7.39,6.16,7.32,6.12,7.16,6.2,7.46,6.2,7.42,7.42
447,A,LA GUMINA,Sampdoria,5,0,0,0,0,0,5.67,5.67,5.76,5.98,0.0,0.0,0.0,0.0,0.0,0.0,5.98
453,P,SZCZESNY,Juventus,29,0,33,0,1,0,6.16,5.1,6.14,5.31,6.15,5.42,6.18,5.42,6.19,5.38,5.38
454,D,CAPRADOSSI,Roma,0,0,0,0,0,0,0.0,0.0,0.0,0.0,0.0,0.0,0.0,0.0,0.0,0.0,0.0
457,D,CRESCENZI,Verona,0,0,0,0,0,0,0.0,0.0,0.0,0.0,0.0,0.0,0.0,0.0,0.0,0.0,0.0
459,D,MANOLAS,Napoli,26,4,0,0,2,0,5.96,6.4,6.02,6.24,6.06,6.27,6.11,6.27,6.1,6.24,6.24
460,D,ROMAGNOLI A.,Milan,35,1,0,0,4,0,6.03,6.06,6.13,6.15,6.08,6.12,6.1,6.13,6.08,6.07,6.07
464,D,FLORENZI,Roma,14,0,0,1,5,0,5.96,5.85,5.99,6.07,5.99,6.09,6.02,6.05,6.05,6.2,6.2
467,C,NAINGGOLAN,Cagliari,26,6,0,5,5,0,6.42,7.21,6.3,7.04,6.27,6.95,6.33,7.06,6.33,6.99,6.99
469,C,PJANIC,Juventus,30,3,0,5,10,0,6.24,6.55,6.16,6.44,6.19,6.58,6.19,6.58,6.24,6.75,6.75
472,A,DESTRO,Genoa,13,0,0,0,2,0,5.67,5.61,5.89,6.5,5.85,6.5,5.82,6.56,5.86,6.57,6.57
474,A,GERVINHO,Parma,31,7,0,4,3,0,5.95,6.63,6.06,6.97,0.0,0.0,0.0,0.0,0.0,0.0,6.97
475,A,IAGO FALQUE,Genoa,14,2,0,0,0,0,5.96,6.19,6.11,6.7,6.13,6.9,6.14,6.96,6.06,6.78,6.78
479,A,SANABRIA,Genoa,24,6,0,2,3,0,6.05,6.89,5.88,6.5,0.0,0.0,0.0,0.0,0.0,0.0,6.5
487,D,DE SILVESTRI,Torino,29,0,0,0,2,0,5.74,5.71,5.82,5.95,5.88,6.1,5.86,6.07,5.9,6.1,6.1
490,D,REGINI,Parma,5,0,0,0,0,0,5.9,5.9,5.86,5.86,5.85,5.83,5.81,5.78,5.73,5.68,5.68
491,D,SALAMON,SPAL,7,0,0,0,1,0,5.6,5.5,5.66,5.58,5.71,5.58,5.64,5.54,4.51,4.43,4.43
493,D,ZUKANOVIC,SPAL,3,0,0,0,1,0,5.83,5.67,5.77,5.64,5.84,5.69,5.84,5.73,5.79,5.73,5.73
494,C,BARRETO,Sampdoria,2,0,0,0,0,0,5.75,5.75,5.85,5.9,5.76,5.79,5.81,5.85,5.76,5.8,5.8
495,A,CORREA,Lazio,30,9,0,2,0,0,6.18,7.05,6.23,6.92,0.0,0.0,0.0,0.0,0.0,0.0,6.92
505,A,BONAZZOLI,Sampdoria,19,6,0,0,1,0,6.18,7.11,0.0,0.0,0.0,0.0,0.0,0.0,0.0,0.0,0.0
507,A,MURIEL,Atalanta,34,18,0,1,1,0,6.27,7.88,6.11,7.38,0.0,0.0,0.0,0.0,0.0,0.0,7.38
509,P,CONSIGLI,Sassuolo,31,0,55,0,1,0,6.02,4.32,6.1,4.58,6.11,4.58,6.12,4.62,6.12,4.73,4.73
510,P,PEGOLO,Sassuolo,5,0,4,0,0,0,6.7,5.9,6.44,5.28,6.21,4.94,6.03,3.83,6.07,4.06,4.06
513,D,ACERBI,Lazio,36,2,0,2,4,0,6.25,6.42,6.22,6.38,6.14,6.22,6.15,6.28,6.19,6.35,6.35
517,D,DELL'ORCO,Lecce,13,0,0,1,0,1,5.58,5.58,5.81,5.94,5.87,5.96,5.9,5.97,4.72,4.77,4.77
519,D,GAZZOLA,Parma,0,0,0,0,0,0,0.0,0.0,2.86,2.92,3.8,3.81,4.3,4.29,4.64,4.64,4.64
521,D,PELUSO,Sassuolo,23,0,0,1,5,1,5.58,5.45,5.7,5.64,5.71,5.67,5.76,5.7,5.78,5.72,5.72
526,C,DUNCAN,Fiorentina,26,2,0,5,5,0,6.0,6.35,6.03,6.46,5.91,6.18,5.92,6.14,5.95,6.14,6.14
528,C,MAGNANELLI,Sassuolo,22,0,0,0,5,0,6.06,5.91,6.01,5.88,5.98,5.83,6.04,5.96,6.05,5.98,5.98
529,C,MISSIROLI,SPAL,34,1,0,0,7,0,5.85,5.84,5.92,5.84,5.91,5.88,5.88,5.82,5.94,5.92,5.92
530,C,PELLEGRINI LO.,Roma,27,1,0,9,6,1,6.17,6.46,6.12,6.41,6.11,6.41,6.12,6.47,6.07,6.42,6.42
531,A,BERARDI,Sassuolo,31,14,0,7,6,1,6.42,7.77,6.28,7.29,6.06,6.76,6.12,6.75,6.13,6.75,6.75
532,A,FALCINELLI,Bologna,0,0,0,0,0,0,0.0,0.0,2.72,2.78,3.7,3.8,4.37,4.71,4.68,5.01,5.01
533,A,FLOCCARI,SPAL,24,1,0,0,3,0,5.61,5.69,5.89,6.23,5.89,6.3,5.76,6.07,5.81,6.2,6.2
536,A,POLITANO,Napoli,26,2,0,2,1,0,6.1,6.5,6.08,6.52,6.06,6.6,6.09,6.6,6.11,6.66,6.66
537,A,SANSONE N.,Bologna,33,4,0,2,5,0,5.83,6.09,5.88,6.28,0.0,0.0,0.0,0.0,0.0,0.0,6.28
540,P,GOMIS A,SPAL,0,0,0,0,0,0,0.0,0.0,3.05,2.38,4.08,3.1,3.06,2.32,2.45,1.86,1.86
542,P,ICHAZO,Genoa,0,0,0,0,0,0,0.0,0.0,2.84,2.5,1.89,1.67,1.42,1.25,2.23,1.77,1.77
543,P,PADELLI,Inter,3,0,4,0,0,0,5.33,4.0,2.66,2.0,1.78,1.33,2.83,2.0,3.47,2.5,2.5
546,D,BRUNO PERES,Roma,16,2,0,2,3,0,5.97,6.4,0.0,0.0,0.0,0.0,0.0,0.0,0.0,0.0,0.0
550,D,MAKSIMOVIC,Napoli,22,1,0,1,2,0,5.77,5.91,5.88,5.9,5.76,5.76,5.76,5.84,5.74,5.79,5.79
554,D,ZAPPACOSTA,Roma,9,0,0,1,0,0,5.72,5.83,0.0,0.0,0.0,0.0,0.0,0.0,0.0,0.0,0.0
556,C,BASELLI,Torino,16,0,0,2,3,0,5.78,5.81,5.91,6.08,5.88,6.06,5.89,6.14,5.95,6.21,6.21
557,C,BENASSI,Fiorentina,18,1,0,1,1,0,5.84,6.09,5.84,6.24,5.83,6.23,5.87,6.28,5.91,6.29,6.29
568,A,QUAGLIARELLA,Sampdoria,28,11,0,3,2,0,5.91,6.95,6.16,7.78,6.17,7.79,6.13,7.57,6.07,7.38,7.38
570,P,KARNEZIS,Napoli,0,0,0,0,0,0,0.0,0.0,3.06,2.66,2.04,1.78,3.05,2.5,3.66,2.93,2.93
572,P,MERET,Napoli,22,0,33,0,0,0,6.14,4.77,6.1,5.06,6.2,5.25,0.0,0.0,0.0,0.0,5.25
574,P,SCUFFET,Udinese,0,0,0,0,0,0,0.0,0.0,3.11,2.39,4.02,3.09,4.58,3.42,3.66,2.74,2.74
578,D,DANILO LAR.,Bologna,30,2,0,0,9,1,5.92,5.93,5.96,5.98,5.92,5.9,5.92,5.9,5.89,5.83,5.83
581,D,FARAONI,Verona,36,5,0,3,6,0,6.11,6.53,0.0,0.0,0.0,0.0,0.0,0.0,0.0,0.0,0.0
589,C,BADU,Verona,10,0,0,0,2,0,5.88,5.62,5.78,5.64,3.85,3.76,4.36,4.29,4.71,4.71,4.71
600,C,VERRE,Verona,32,3,0,2,4,0,5.93,6.24,2.96,3.12,3.86,3.91,4.27,4.3,3.42,3.44,3.44
605,A,PERICA,Udinese,0,0,0,0,0,0,0.0,0.0,2.5,2.4,3.54,3.47,4.16,4.27,4.5,4.69,4.69
606,A,THEREAU,Fiorentina,0,0,0,0,0,0,0.0,0.0,2.88,2.88,3.94,4.32,4.47,5.0,4.79,5.41,5.41
608,A,ZAPATA D.,Atalanta,28,18,0,6,1,0,6.48,8.61,6.44,8.46,6.35,8.09,6.28,7.78,6.24,7.63,7.63
610,P,GOLLINI,Atalanta,33,0,42,0,3,0,6.17,4.85,6.21,5.01,6.21,5.22,6.16,5.32,6.17,5.15,5.15
611,P,RAFAEL,Cagliari,6,0,11,0,0,0,6.0,4.17,3.0,2.08,4.05,3.06,4.57,3.55,4.79,3.65,3.65
621,C,ROMULO,Brescia,23,1,0,3,3,0,5.73,5.93,5.83,5.99,5.85,6.05,0.0,0.0,0.0,0.0,6.05
627,C,IONITA,Cagliari,34,0,0,2,6,0,5.76,5.72,5.74,5.84,5.73,5.79,5.75,5.88,5.78,5.98,5.98
630,D,SALA,SPAL,16,0,0,0,1,0,5.5,5.46,5.64,5.58,5.64,5.56,5.73,5.63,5.7,5.6,5.6
631,C,VIVIANI,SPAL,0,0,0,0,0,0,0.0,0.0,2.8,2.75,3.88,3.89,4.4,4.46,4.75,4.93,4.93
632,C,ZACCAGNI,Verona,34,2,0,5,5,0,6.11,6.36,0.0,0.0,0.0,0.0,0.0,0.0,0.0,0.0,0.0
633,C,FARES,SPAL,8,0,0,0,2,0,5.44,5.31,5.69,5.68,5.57,5.49,0.0,0.0,0.0,0.0,5.49
636,A,PAZZINI,Verona,15,4,0,0,0,0,6.28,7.61,0.0,0.0,0.0,0.0,0.0,0.0,0.0,0.0,0.0
637,A,SILIGARDI,Parma,12,0,0,1,0,0,5.92,6.08,5.86,6.02,0.0,0.0,0.0,0.0,0.0,0.0,6.02
640,D,CHIRICHES,Sassuolo,9,0,0,0,0,0,5.83,5.83,5.92,5.92,5.85,5.82,5.94,6.04,5.95,6.08,6.08
643,A,DEFREL,Sassuolo,17,3,0,3,1,0,6.0,6.68,6.05,6.88,5.94,6.56,6.02,6.8,6.0,6.76,6.76
644,C,PULGAR,Fiorentina,37,7,0,6,9,0,6.03,6.59,6.02,6.56,6.01,6.39,5.92,6.18,5.87,6.06,6.06
645,C,MILINKOVIC-SAVIC,Lazio,37,7,0,3,9,0,6.09,6.62,6.02,6.5,6.15,6.8,6.15,6.7,6.12,6.56,6.56
647,A,DZEKO,Roma,35,16,0,4,4,0,6.51,7.94,6.3,7.44,6.27,7.49,6.35,7.8,6.23,7.55,7.55
652,A,KALINIC,Roma,15,5,0,1,1,0,6.2,7.8,3.1,3.9,4.02,4.77,4.53,5.39,4.84,5.71,5.71
654,P,ALASTRA,Parma,0,0,0,0,0,0,0.0,0.0,0.0,0.0,0.0,0.0,0.0,0.0,0.0,0.0,0.0
658,A,FALCO,Lecce,30,4,0,6,0,0,6.34,6.97,0.0,0.0,0.0,0.0,0.0,0.0,0.0,0.0,0.0
661,C,INIGUEZ,Udinese,0,0,0,0,0,0,0.0,0.0,0.0,0.0,0.0,0.0,0.0,0.0,0.0,0.0,0.0
662,D,ALEX SANDRO,Juventus,29,1,0,2,4,0,6.02,6.12,6.08,6.17,6.06,6.27,6.09,6.29,6.16,6.38,6.38
666,C,MACHIN,Parma,0,0,0,0,0,0,0.0,0.0,2.88,3.12,0.0,0.0,0.0,0.0,0.0,0.0,3.12
669,C,DONSAH,Bologna,0,0,0,0,0,0,0.0,0.0,2.88,2.88,3.9,3.98,4.36,4.39,4.7,4.8,4.8
673,P,PERISAN,Udinese,0,0,0,0,0,0,0.0,0.0,0.0,0.0,0.0,0.0,0.0,0.0,0.0,0.0,0.0
694,A,BAEZ,Fiorentina,0,0,0,0,0,0,0.0,0.0,0.0,0.0,0.0,0.0,0.0,0.0,0.0,0.0,0.0
695,D,TOLOI,Atalanta,33,2,0,4,11,0,6.03,6.2,6.05,6.2,6.09,6.21,6.1,6.16,6.04,6.07,6.07
696,A,BALOTELLI,Brescia,19,5,0,0,5,1,5.87,6.47,0.0,0.0,0.0,0.0,0.0,0.0,0.0,0.0,0.0
697,C,CUADRADO,Juventus,33,2,0,3,7,1,6.08,6.21,6.01,6.16,6.18,6.54,6.16,6.45,6.21,6.56,6.56
704,C,PERISIC,Inter,0,0,0,0,0,0,0.0,0.0,3.0,3.34,4.01,4.58,4.53,5.18,4.84,5.5,5.5
706,C,ANSALDI,Torino,27,4,0,4,9,0,6.19,6.63,6.25,6.67,6.21,6.53,6.14,6.32,6.12,6.27,6.27
708,D,FELIPE,SPAL,15,0,0,0,5,0,5.5,5.36,5.65,5.64,5.76,5.76,5.78,5.77,5.79,5.76,5.76
713,C,DZEMAILI,Bologna,14,1,0,1,2,0,5.92,6.17,5.88,6.04,5.86,5.99,5.93,6.19,5.93,6.18,6.18
756,A,ASENCIO,Genoa,0,0,0,0,0,0,0.0,0.0,0.0,0.0,0.0,0.0,0.0,0.0,0.0,0.0,0.0
761,P,AUDERO,Sampdoria,36,0,60,0,1,0,6.0,4.26,6.02,4.46,0.0,0.0,0.0,0.0,0.0,0.0,4.46
767,A,TUPTA,Verona,0,0,0,0,0,0,0.0,0.0,0.0,0.0,0.0,0.0,0.0,0.0,0.0,0.0,0.0
770,D,PEZZELLA GIU.,Parma,23,0,0,0,2,0,5.61,5.55,5.36,5.18,5.44,5.28,5.52,5.39,5.5,5.4,5.4
771,A,BOATENG,Fiorentina,14,1,0,0,2,0,5.75,5.92,5.97,6.54,0.0,0.0,0.0,0.0,0.0,0.0,6.54
779,C,CRISTANTE,Roma,26,1,0,2,7,1,5.85,5.9,5.84,6.0,5.9,6.24,5.94,6.27,5.8,6.07,6.07
780,D,CIONEK,SPAL,28,0,0,0,11,0,5.67,5.46,5.76,5.56,5.95,5.83,5.89,5.77,5.95,5.82,5.82
785,A,IMMOBILE,Lazio,37,36,0,7,8,0,6.61,9.53,6.38,8.53,6.43,8.76,6.41,8.62,6.4,8.37,8.37
787,D,DJIMSITI,Atalanta,34,2,0,1,5,0,6.07,6.21,6.01,6.1,5.93,5.99,4.45,4.49,4.62,4.63,4.63
788,C,FREULER,Atalanta,31,2,0,1,3,0,5.95,6.13,6.09,6.26,6.11,6.36,6.16,6.44,6.09,6.42,6.42
790,D,SAMIR,Udinese,21,1,0,0,3,0,5.82,5.89,5.88,6.0,5.84,5.9,5.9,5.92,5.89,6.07,6.07
791,D,SABELLI,Brescia,36,0,0,3,5,0,5.97,5.93,0.0,0.0,0.0,0.0,0.0,0.0,0.0,0.0,0.0
798,D,SKRINIAR,Inter,32,0,0,0,7,1,6.11,5.91,6.14,5.98,6.18,6.15,6.1,6.06,5.98,5.84,5.84
801,C,GAGLIARDINI,Inter,24,4,0,0,5,0,6.02,6.42,6.1,6.72,6.05,6.42,6.08,6.38,6.06,6.31,6.31
805,D,FIAMOZZI,Lecce,0,0,0,0,0,0,0.0,0.0,0.0,0.0,0.0,0.0,0.0,0.0,0.0,0.0,0.0
813,C,BALIC,Udinese,0,0,0,0,0,0,0.0,0.0,0.0,0.0,1.87,1.87,2.88,3.03,2.3,2.42,2.42
819,A,FAVILLI,Genoa,20,0,0,0,4,0,5.77,5.63,5.84,5.86,0.0,0.0,0.0,0.0,0.0,0.0,5.86
824,D,ADJAPONG,Verona,5,0,0,0,0,0,5.62,5.62,5.75,6.06,5.73,5.88,5.76,5.93,5.81,5.95,5.95
827,C,LOCATELLI M.,Sassuolo,33,0,0,4,9,0,6.3,6.23,6.16,6.28,6.11,6.14,6.14,6.19,5.91,5.85,5.85
1839,A,EDERA,Torino,13,1,0,1,2,1,5.67,5.89,5.64,5.7,5.78,5.98,0.0,0.0,0.0,0.0,5.98
1843,P,RADU I.,Parma,17,0,35,1,1,0,5.94,3.91,6.09,4.42,0.0,0.0,0.0,0.0,0.0,0.0,4.42
1847,D,CALDARA,Atalanta,14,0,0,1,1,0,5.77,5.81,2.88,2.9,3.97,4.03,4.57,4.78,0.0,0.0,4.78
1850,C,KESSIE',Milan,35,4,0,0,3,0,5.79,6.09,5.92,6.34,5.88,6.25,5.98,6.36,0.0,0.0,6.36
1852,D,SPINAZZOLA,Roma,24,1,0,2,2,0,6.02,6.2,5.92,6.07,5.92,6.05,6.04,6.1,0.0,0.0,6.1
1857,C,DI FRANCESCO F.,SPAL,20,2,0,0,4,0,5.88,6.12,5.78,6.12,5.82,6.1,5.87,6.22,0.0,0.0,6.22
1858,C,KREJCI,Bologna,14,1,0,0,2,0,5.79,5.93,5.76,5.88,5.71,5.8,5.74,5.82,0.0,0.0,5.82
1859,C,NAGY,Bologna,0,0,0,0,0,0,0.0,0.0,2.82,2.75,3.8,3.82,4.32,4.32,0.0,0.0,4.32
1864,D,BRUNO ALVES,Parma,33,0,0,0,4,0,5.98,5.92,5.99,6.05,0.0,0.0,0.0,0.0,0.0,0.0,6.05
1866,D,CEPPITELLI,Cagliari,16,2,0,0,5,0,6.0,6.1,5.94,5.94,5.95,6.0,5.92,5.9,0.0,0.0,5.9
1868,D,MURRU,Sampdoria,28,0,0,0,4,1,5.35,5.17,5.63,5.55,5.65,5.59,5.69,5.64,0.0,0.0,5.64
1869,D,PISACANE,Cagliari,30,1,0,0,6,1,5.76,5.72,5.78,5.78,5.77,5.72,5.8,5.77,0.0,0.0,5.77
1870,C,BARELLA,Inter,27,1,0,3,11,0,5.98,6.0,5.98,5.96,6.02,6.12,6.0,6.03,0.0,0.0,6.03
1871,C,DEIOLA,Lecce,11,1,0,1,3,0,5.75,6.0,5.7,5.78,5.69,5.69,5.77,5.7,0.0,0.0,5.7
1872,C,DESSENA,Brescia,24,2,0,0,5,1,5.56,5.67,5.65,5.58,5.69,5.62,5.7,5.7,0.0,0.0,5.7
1874,A,JOAO PEDRO,Cagliari,36,18,0,4,6,0,6.17,7.53,6.0,7.0,5.92,6.77,5.91,6.72,0.0,0.0,6.72
1875,C,MUNARI,Parma,0,0,0,0,0,0,0.0,0.0,0.0,0.0,0.0,0.0,0.0,0.0,0.0,0.0,0.0
1876,D,PAJAC,Genoa,11,0,0,0,1,0,5.65,5.6,5.85,5.99,0.0,0.0,0.0,0.0,0.0,0.0,5.99
1879,A,FARIAS,Lecce,18,2,0,0,2,1,5.89,6.11,5.94,6.43,5.88,6.23,5.89,6.38,0.0,0.0,6.38
1891,D,CECCHERINI,Fiorentina,15,0,0,0,3,0,5.95,5.8,5.94,5.8,5.95,5.88,5.95,5.89,0.0,0.0,5.89
1895,D,FERRARI G.,Sassuolo,23,0,0,1,5,0,5.89,5.82,5.89,5.98,5.84,5.94,5.88,5.99,0.0,0.0,5.99
1896,D,MARTELLA,Brescia,24,0,0,0,3,0,5.65,5.58,0.0,0.0,0.0,0.0,0.0,0.0,0.0,0.0,0.0
1917,P,DRAGOWSKI,Fiorentina,31,0,43,0,1,0,6.21,5.0,6.36,5.04,6.07,4.31,6.05,4.23,0.0,0.0,4.23
1930,P,PINSOGLIO,Juventus,1,0,0,0,0,0,6.0,6.0,5.75,4.75,5.83,4.83,0.0,0.0,0.0,0.0,4.83
1933,C,MANDRAGORA,Udinese,26,0,0,2,2,0,5.86,5.9,5.84,5.93,5.88,5.96,4.41,4.47,0.0,0.0,4.47
1934,P,STRAKOSHA,Lazio,38,0,42,0,2,0,6.22,5.17,6.22,5.15,6.24,5.12,6.19,5.04,0.0,0.0,5.04
1935,P,VARGIC,Lazio,0,0,0,0,0,0,0.0,0.0,0.0,0.0,0.0,0.0,0.0,0.0,0.0,0.0,0.0
1936,C,MINALA,Lazio,0,0,0,0,0,0,0.0,0.0,0.0,0.0,0.0,0.0,0.0,0.0,0.0,0.0,0.0
1939,A,LAPADULA,Lecce,25,11,0,0,8,1,6.23,7.4,6.08,6.86,6.0,6.7,6.04,6.79,0.0,0.0,6.79
1943,A,NESTOROVSKI,Udinese,28,3,0,1,4,0,5.82,6.18,0.0,0.0,0.0,0.0,0.0,0.0,0.0,0.0,0.0
1946,P,ARESTI,Cagliari,0,0,0,0,0,0,0.0,0.0,0.0,0.0,0.0,0.0,0.0,0.0,0.0,0.0,0.0
1958,A,CAPRARI,Parma,30,5,0,0,3,1,5.88,6.37,5.96,6.68,5.92,6.53,5.92,6.49,0.0,0.0,6.49
1974,A,SCHICK,Roma,0,0,0,0,0,0,0.0,0.0,2.9,3.07,3.86,4.1,4.44,4.89,0.0,0.0,4.89
1976,C,MAZZITELLI,Sassuolo,1,0,0,0,0,0,0.0,0.0,2.86,2.78,3.79,3.72,4.32,4.24,0.0,0.0,4.24
1978,C,SENSI,Inter,12,3,0,1,2,0,6.21,6.96,6.14,6.63,6.08,6.51,6.09,6.43,0.0,0.0,6.43
1979,D,BARRECA,Genoa,18,0,0,1,0,0,5.56,5.62,0.0,0.0,0.0,0.0,0.0,0.0,0.0,0.0,0.0
1981,A,BOYE',Torino,0,0,0,0,0,0,0.0,0.0,0.0,0.0,0.0,0.0,0.0,0.0,0.0,0.0,0.0
1982,C,PARIGINI,Genoa,0,0,0,0,0,0,0.0,0.0,2.88,2.84,3.79,3.75,4.22,4.19,0.0,0.0,4.19
1984,D,ANGELLA,Udinese,0,0,0,0,0,0,0.0,0.0,0.0,0.0,1.85,1.81,2.81,2.78,0.0,0.0,2.78
1986,C,FOFANA,Udinese,32,3,0,7,4,0,6.16,6.61,6.02,6.36,5.9,6.19,5.98,6.35,0.0,0.0,6.35
1987,C,JANKTO,Sampdoria,30,2,0,4,8,0,5.83,6.03,5.77,5.84,5.85,6.03,5.9,6.16,0.0,0.0,6.16
1995,C,DJURICIC,Sassuolo,29,5,0,3,6,0,6.15,6.7,5.95,6.35,5.92,6.2,5.92,6.09,0.0,0.0,6.09
1996,C,DE PAUL,Udinese,34,7,0,5,5,1,6.26,6.93,6.24,6.88,6.16,6.74,6.11,6.58,0.0,0.0,6.58
1998,A,PJACA,Juventus,0,0,0,0,0,0,0.0,0.0,2.85,2.96,1.9,1.98,2.88,2.93,0.0,0.0,2.93
1999,D,LUKAKU J.,Lazio,13,0,0,2,2,0,6.0,6.09,5.9,5.9,5.92,5.97,5.96,5.98,0.0,0.0,5.98
2002,C,CHIESA,Fiorentina,34,10,0,5,7,0,6.22,7.06,6.25,6.91,6.24,6.85,6.2,6.74,0.0,0.0,6.74
2003,C,MURGIA,SPAL,25,0,0,1,3,0,5.62,5.6,5.78,5.86,5.76,5.75,5.83,5.96,0.0,0.0,5.96
2006,D,LIROLA,Fiorentina,35,0,0,2,4,0,5.84,5.84,5.87,5.98,5.84,5.91,5.85,5.89,0.0,0.0,5.89
2007,D,WALLACE,Lazio,0,0,0,0,0,0,0.0,0.0,2.82,2.64,3.8,3.56,4.28,4.1,0.0,0.0,4.1
2008,C,LINETTY,Sampdoria,28,4,0,3,4,0,6.0,6.46,5.94,6.27,5.95,6.25,5.93,6.16,0.0,0.0,6.16
2009,C,LUKIC,Torino,30,1,0,1,5,1,5.59,5.61,5.82,5.94,3.88,3.96,4.36,4.35,0.0,0.0,4.35
2011,C,MIGUEL VELOSO,Verona,34,3,0,3,6,0,6.1,6.37,5.93,6.0,5.88,5.94,5.88,5.89,0.0,0.0,5.89
2012,A,MILIK,Napoli,26,11,0,0,5,0,6.13,7.31,6.12,7.44,6.15,7.42,6.17,7.49,0.0,0.0,7.49
2016,D,FAZIO,Roma,16,1,0,0,2,1,5.67,5.73,5.76,5.97,5.89,6.06,5.95,6.11,0.0,0.0,6.11
2038,A,PINAMONTI,Genoa,32,5,0,1,1,0,5.72,6.13,5.77,6.32,5.85,6.21,5.88,6.16,0.0,0.0,6.16
2048,A,LO FASO,Lecce,0,0,0,0,0,0,0.0,0.0,0.0,0.0,0.0,0.0,0.0,0.0,0.0,0.0,0.0
2057,C,GUSTAFSON,Torino,0,0,0,0,0,0,0.0,0.0,0.0,0.0,0.0,0.0,0.0,0.0,0.0,0.0,0.0
2061,A,SIMEONE,Cagliari,37,12,0,3,4,0,5.96,6.96,5.78,6.56,5.81,6.72,5.86,6.78,0.0,0.0,6.78
2062,D,BASTOS,Lazio,16,1,0,0,4,0,5.86,5.79,5.81,5.82,5.87,6.05,5.9,5.96,0.0,0.0,5.96
2065,C,PRAET,Sampdoria,0,0,0,0,0,0,0.0,0.0,3.0,3.08,3.99,4.08,4.46,4.53,0.0,0.0,4.53
2070,A,PETTINARI,Lecce,0,0,0,0,0,0,0.0,0.0,0.0,0.0,0.0,0.0,0.0,0.0,0.0,0.0,0.0
2073,A,RAGUSA,Verona,0,0,0,0,0,0,0.0,0.0,0.0,0.0,1.89,1.86,2.9,3.0,0.0,0.0,3.0
2075,C,CRISTOFORO,Fiorentina,1,0,0,0,0,0,6.0,6.0,3.0,3.0,3.87,3.83,4.35,4.31,0.0,0.0,4.31
2076,C,ROG,Cagliari,30,1,0,1,10,0,6.09,6.05,6.12,6.2,6.11,6.24,6.14,6.19,0.0,0.0,6.19
2077,C,PASALIC,Atalanta,35,9,0,3,6,0,6.01,6.75,5.96,6.62,0.0,0.0,0.0,0.0,0.0,0.0,6.62
2078,C,JOAO MARIO,Inter,0,0,0,0,0,0,0.0,0.0,3.03,3.12,4.06,4.18,4.54,4.68,0.0,0.0,4.68
2083,D,BIRASCHI,Genoa,24,0,0,0,3,1,5.75,5.56,5.76,5.6,5.78,5.68,5.86,5.74,0.0,0.0,5.74
2085,C,LUIS ALBERTO,Lazio,36,6,0,15,5,0,6.62,7.47,6.32,6.99,6.35,7.2,6.26,7.0,0.0,0.0,7.0
2087,D,OLIVERA M,Fiorentina,1,0,0,0,0,0,0.0,0.0,0.0,0.0,1.86,1.83,2.84,2.8,0.0,0.0,2.8
2091,P,PLIZZARI,Milan,0,0,0,0,0,0,0.0,0.0,0.0,0.0,0.0,0.0,0.0,0.0,0.0,0.0,0.0
2096,P,CUCCHIETTI,Torino,0,0,0,0,0,0,0.0,0.0,0.0,0.0,0.0,0.0,0.0,0.0,0.0,0.0,0.0
2097,A,KEAN,Juventus,0,0,0,0,0,0,0.0,0.0,3.2,4.05,4.05,4.78,4.78,6.08,0.0,0.0,6.08
2104,D,BERESZYNSKI,Sampdoria,28,0,0,0,10,0,5.54,5.29,5.64,5.48,5.67,5.55,5.71,5.61,0.0,0.0,5.61
2106,C,MOROSINI,Brescia,3,0,0,0,0,0,6.0,6.0,0.0,0.0,0.0,0.0,0.0,0.0,0.0,0.0,0.0
2116,C,FARAGO',Cagliari,21,1,0,1,3,0,5.82,5.84,5.86,5.86,5.84,5.94,5.83,5.88,0.0,0.0,5.88
2120,D,BASTONI,Inter,25,2,0,0,7,1,6.04,6.1,5.92,6.0,5.95,6.0,5.92,5.96,0.0,0.0,5.96
2127,P,SATALINO,Sassuolo,0,0,0,0,0,0,0.0,0.0,0.0,0.0,0.0,0.0,0.0,0.0,0.0,0.0,0.0
2129,D,SIMIC L,Sampdoria,0,0,0,0,0,0,0.0,0.0,2.81,2.81,3.96,4.17,2.97,3.12,0.0,0.0,3.12
2130,D,HATEBOER,Atalanta,32,0,0,4,10,0,5.88,5.85,5.98,6.22,5.95,6.1,6.01,6.03,0.0,0.0,6.03
2134,P,FALCONE,Sampdoria,2,0,5,0,1,0,6.25,3.5,3.12,1.75,0.0,0.0,0.0,0.0,0.0,0.0,1.75
2141,D,DEPAOLI,Sampdoria,29,0,0,1,7,0,5.79,5.7,5.74,5.66,5.75,5.65,5.84,5.69,0.0,0.0,5.69
2144,C,COULIBALY,Udinese,0,0,0,0,0,0,0.0,0.0,0.0,0.0,0.0,0.0,0.0,0.0,0.0,0.0,0.0
2146,A,HAN,Juventus,0,0,0,0,0,0,0.0,0.0,0.0,0.0,1.83,1.83,2.92,3.17,0.0,0.0,3.17
2155,A,CUTRONE,Fiorentina,19,4,0,1,1,0,5.89,6.58,5.84,6.36,5.91,6.67,4.43,5.0,0.0,0.0,5.0
2157,C,BIANCU,Cagliari,0,0,0,0,0,0,0.0,0.0,0.0,0.0,0.0,0.0,0.0,0.0,0.0,0.0,0.0
2160,D,GOSENS,Atalanta,34,9,0,7,3,0,6.3,7.29,6.24,6.92,6.21,6.72,0.0,0.0,0.0,0.0,6.72
2161,C,HAAS,Atalanta,0,0,0,0,0,0,0.0,0.0,0.0,0.0,0.0,0.0,0.0,0.0,0.0,0.0,0.0
2163,A,CORNELIUS,Parma,26,12,0,2,1,0,6.31,7.88,3.16,3.94,4.05,4.74,0.0,0.0,0.0,0.0,4.74
2164,D,MILENKOVIC,Fiorentina,37,5,0,0,9,0,6.09,6.38,6.03,6.24,5.98,6.1,4.48,4.57,0.0,0.0,4.57
2165,D,VITOR HUGO,Fiorentina,0,0,0,0,0,0,0.0,0.0,2.99,2.93,4.03,4.01,0.0,0.0,0.0,0.0,4.01
2166,C,BENTANCUR,Juventus,30,0,0,7,9,0,6.1,6.18,6.02,6.12,5.96,6.02,0.0,0.0,0.0,0.0,6.02
2167,A,ORSOLINI,Bologna,37,8,0,6,3,0,5.93,6.7,6.04,6.85,5.99,6.53,0.0,0.0,0.0,0.0,6.53
2168,D,MUSACCHIO,Milan,18,0,0,0,4,1,5.75,5.58,5.79,5.74,5.72,5.65,0.0,0.0,0.0,0.0,5.65
2169,D,RODRIGUEZ R,Milan,5,0,0,0,0,0,5.5,5.5,5.73,5.72,5.75,5.72,0.0,0.0,0.0,0.0,5.72
2171,D,LYANCO,Torino,17,0,0,0,5,0,5.59,5.32,5.74,5.64,5.79,5.72,0.0,0.0,0.0,0.0,5.72
2172,C,BARAK,Lecce,24,2,0,1,1,0,5.95,6.25,5.78,5.92,5.84,6.16,0.0,0.0,0.0,0.0,6.16
2173,A,MALLE',Udinese,0,0,0,0,0,0,0.0,0.0,0.0,0.0,0.0,0.0,0.0,0.0,0.0,0.0,0.0
2174,D,VENUTI,Fiorentina,16,0,0,1,4,0,5.88,5.81,2.94,2.9,3.82,3.76,0.0,0.0,0.0,0.0,3.76
2175,A,ANDRE' SILVA,Milan,1,0,0,0,1,0,5.5,5.0,2.75,2.5,3.77,3.69,0.0,0.0,0.0,0.0,3.69
2178,P,CRAGNO,Cagliari,16,0,21,0,1,0,6.59,5.44,6.52,5.3,6.42,5.14,0.0,0.0,0.0,0.0,5.14
2179,P,SIRIGU,Torino,36,0,64,0,4,0,6.38,4.62,6.32,5.03,6.3,5.11,0.0,0.0,0.0,0.0,5.11
2180,D,KARSDORP,Roma,0,0,0,0,0,0,0.0,0.0,2.89,2.86,3.93,3.91,0.0,0.0,0.0,0.0,3.91
2181,D,PALOMINO,Atalanta,30,2,0,1,5,0,5.95,6.03,6.01,6.06,6.0,6.05,0.0,0.0,0.0,0.0,6.05
2184,D,GRAVILLON,Sassuolo,0,0,0,0,0,0,0.0,0.0,0.0,0.0,0.0,0.0,0.0,0.0,0.0,0.0,0.0
2187,C,BORINI,Verona,16,3,0,0,2,1,5.93,6.4,5.91,6.3,5.86,6.2,0.0,0.0,0.0,0.0,6.2
2188,C,MARUSIC,Lazio,15,2,0,1,3,0,6.07,6.46,5.86,6.1,5.9,6.17,0.0,0.0,0.0,0.0,6.17
2191,C,INGELSSON,Udinese,0,0,0,0,0,0,0.0,0.0,2.66,2.66,3.71,3.91,0.0,0.0,0.0,0.0,3.91
2192,D,BONIFAZI,SPAL,17,2,0,0,2,0,5.5,5.79,5.77,6.0,5.9,6.06,0.0,0.0,0.0,0.0,6.06
2193,C,GONALONS,Roma,0,0,0,0,0,0,0.0,0.0,0.0,0.0,2.01,2.01,0.0,0.0,0.0,0.0,2.01
2194,C,CALHANOGLU,Milan,35,9,0,9,6,0,6.23,7.17,6.1,6.75,6.15,6.78,0.0,0.0,0.0,0.0,6.78
2195,A,OUNAS,Napoli,0,0,0,0,0,0,0.0,0.0,3.0,3.38,4.0,4.25,0.0,0.0,0.0,0.0,4.25
2197,D,CASTAGNE,Atalanta,27,1,0,1,4,0,6.08,6.18,6.1,6.38,6.03,6.22,0.0,0.0,0.0,0.0,6.22
2200,C,DOUGLAS COSTA,Juventus,23,1,0,4,1,0,6.25,6.61,6.06,6.3,6.19,6.6,0.0,0.0,0.0,0.0,6.6
2201,C,UNDER,Roma,18,3,0,0,2,0,6.0,6.57,5.94,6.54,6.01,6.78,0.0,0.0,0.0,0.0,6.78
2205,C,BERENGUER,Torino,29,6,0,2,4,0,5.93,6.59,5.94,6.44,5.96,6.4,0.0,0.0,0.0,0.0,6.4
2208,D,JAROSZYNSKI,Genoa,0,0,0,0,0,0,0.0,0.0,2.79,2.76,3.64,3.58,0.0,0.0,0.0,0.0,3.58
2209,C,LUCAS LEIVA,Lazio,25,0,0,1,8,1,5.92,5.76,5.95,5.84,6.02,5.97,0.0,0.0,0.0,0.0,5.97
2210,C,FALLETTI,Bologna,0,0,0,0,0,0,0.0,0.0,0.0,0.0,1.95,2.03,0.0,0.0,0.0,0.0,2.03
2211,P,SILVESTRI,Verona,35,0,43,0,2,0,6.26,5.0,0.0,0.0,0.0,0.0,0.0,0.0,0.0,0.0,0.0
2212,D,VAISANEN,SPAL,0,0,0,0,0,0,0.0,0.0,0.0,0.0,1.76,1.74,0.0,0.0,0.0,0.0,1.74
2213,C,CASSATA,Genoa,24,2,0,0,9,2,5.52,5.52,5.58,5.66,5.89,6.01,0.0,0.0,0.0,0.0,6.01
2214,D,KOLAROV,Roma,32,7,0,3,6,0,5.98,6.48,6.04,6.6,6.1,6.59,0.0,0.0,0.0,0.0,6.59
2215,C,VERETOUT,Roma,33,6,0,0,6,0,6.23,6.7,6.14,6.48,6.17,6.55,0.0,0.0,0.0,0.0,6.55
2241,D,LUCIONI,Lecce,36,3,0,0,8,1,5.58,5.64,0.0,0.0,0.0,0.0,0.0,0.0,0.0,0.0,0.0
2243,C,CICIRETTI,Napoli,0,0,0,0,0,0,0.0,0.0,2.81,2.81,3.89,4.05,0.0,0.0,0.0,0.0,4.05
2246,A,CERAVOLO,Parma,0,0,0,0,0,0,0.0,0.0,2.7,2.75,3.46,3.5,0.0,0.0,0.0,0.0,3.5
2247,A,CISSE' K,Verona,0,0,0,0,0,0,0.0,0.0,0.0,0.0,0.0,0.0,0.0,0.0,0.0,0.0,0.0
2261,D,VICARI,SPAL,34,0,0,0,4,0,5.64,5.45,5.8,5.77,5.8,5.7,0.0,0.0,0.0,0.0,5.7
2263,C,LAZZARI M.,Lazio,32,0,0,2,6,0,6.09,6.06,6.22,6.27,6.17,6.25,0.0,0.0,0.0,0.0,6.25
2270,P,ZACCAGNO,Torino,0,0,0,0,0,0,0.0,0.0,0.0,0.0,0.0,0.0,0.0,0.0,0.0,0.0,0.0
2271,P,NICOLAS,Udinese,0,0,0,0,0,0,0.0,0.0,0.0,0.0,2.02,1.4,0.0,0.0,0.0,0.0,1.4
2274,C,VALOTI,SPAL,27,3,0,1,7,0,5.9,6.16,5.8,6.01,5.73,5.93,0.0,0.0,0.0,0.0,5.93
2279,D,ROMAGNA,Sassuolo,18,0,0,0,3,0,5.94,5.86,5.94,5.88,5.86,5.81,0.0,0.0,0.0,0.0,5.81
2280,D,NUYTINCK,Udinese,26,0,0,0,2,0,6.08,6.04,5.96,5.88,5.9,5.89,0.0,0.0,0.0,0.0,5.89
2281,A,VIDO,Atalanta,0,0,0,0,0,0,0.0,0.0,0.0,0.0,0.0,0.0,0.0,0.0,0.0,0.0,0.0
2284,A,CAICEDO,Lazio,30,9,0,1,7,0,6.11,6.88,6.13,7.04,6.06,6.9,0.0,0.0,0.0,0.0,6.9
2285,D,BANI,Bologna,27,4,0,0,10,1,5.96,6.19,5.86,5.86,5.84,5.78,0.0,0.0,0.0,0.0,5.78
2287,C,RAMIREZ,Sampdoria,26,7,0,2,5,0,6.06,6.92,5.99,6.65,5.98,6.53,0.0,0.0,0.0,0.0,6.53
2288,D,N'KOULOU,Torino,31,1,0,0,3,1,5.9,5.92,6.07,6.1,6.07,6.13,0.0,0.0,0.0,0.0,6.13
2289,D,DALBERT,Fiorentina,31,0,0,4,8,1,5.73,5.69,5.75,5.73,5.79,5.77,0.0,0.0,0.0,0.0,5.77
2290,C,EYSSERIC,Verona,8,0,0,0,2,0,5.5,5.33,5.65,5.6,5.78,5.81,0.0,0.0,0.0,0.0,5.81
2291,C,RODRIGUEZ T,Genoa,0,0,0,0,0,0,0.0,0.0,0.0,0.0,0.0,0.0,0.0,0.0,0.0,0.0,0.0
2294,P,CEROFOLINI,Fiorentina,0,0,0,0,0,0,0.0,0.0,0.0,0.0,0.0,0.0,0.0,0.0,0.0,0.0,0.0
2296,D,MANCINI G.,Roma,32,1,0,0,14,1,5.91,5.75,6.05,6.2,5.96,6.08,0.0,0.0,0.0,0.0,6.08
2297,P,ROSSI F.,Atalanta,1,0,1,0,0,0,6.0,5.0,3.0,2.5,2.0,1.67,0.0,0.0,0.0,0.0,1.67
2302,C,BEHRAMI,Genoa,17,0,0,0,2,1,5.65,5.53,5.68,5.62,5.76,5.73,0.0,0.0,0.0,0.0,5.73
2304,A,SALCEDO E.,Verona,17,1,0,0,0,0,5.93,6.13,2.96,3.06,3.98,4.04,0.0,0.0,0.0,0.0,4.04
2306,C,MATUIDI,Juventus,35,0,0,1,2,0,5.86,5.86,5.99,6.13,6.0,6.19,0.0,0.0,0.0,0.0,6.19
2309,D,PEZZELLA GER.,Fiorentina,33,3,0,0,12,0,6.05,6.14,6.1,6.18,6.1,6.12,0.0,0.0,0.0,0.0,6.12
2310,D,CANCELO,Juventus,0,0,0,0,0,0,0.0,0.0,3.05,3.1,4.09,4.18,0.0,0.0,0.0,0.0,4.18
2312,D,HRISTOV,Fiorentina,0,0,0,0,0,0,0.0,0.0,0.0,0.0,0.0,0.0,0.0,0.0,0.0,0.0,0.0
2314,C,BRLEK,Genoa,0,0,0,0,0,0,0.0,0.0,0.0,0.0,0.0,0.0,0.0,0.0,0.0,0.0,0.0
2315,D,STRYGER LARSEN,Udinese,33,1,0,3,5,0,6.02,6.12,5.92,6.02,5.89,5.98,0.0,0.0,0.0,0.0,5.98
2317,A,BRIGNOLA,Sassuolo,0,0,0,0,0,0,0.0,0.0,2.88,3.12,3.94,4.26,0.0,0.0,0.0,0.0,4.26
2318,D,ROGERIO,Sassuolo,15,1,0,1,6,0,5.93,6.0,5.81,5.82,5.8,5.74,0.0,0.0,0.0,0.0,5.74
2324,A,LEE,Verona,0,0,0,0,0,0,0.0,0.0,0.0,0.0,0.0,0.0,0.0,0.0,0.0,0.0,0.0
2325,A,KARAMOH,Parma,14,1,0,1,0,0,5.59,5.95,2.8,2.98,3.82,4.03,0.0,0.0,0.0,0.0,4.03
2327,A,STEPINSKI,Verona,21,3,0,1,3,1,5.81,6.38,5.76,6.28,5.84,6.49,0.0,0.0,0.0,0.0,6.49
2332,C,BRUNO JORDAO,Lazio,0,0,0,0,0,0,0.0,0.0,2.88,2.88,1.92,1.92,0.0,0.0,0.0,0.0,1.92
2333,A,PEDRO NETO,Lazio,0,0,0,0,0,0,0.0,0.0,3.0,3.0,2.0,2.0,0.0,0.0,0.0,0.0,2.0
2334,C,LERIS,Sampdoria,15,1,0,0,0,0,5.85,6.08,5.76,5.85,5.76,5.81,0.0,0.0,0.0,0.0,5.81
2335,D,LUIZ FELIPE,Lazio,26,1,0,1,6,0,5.94,5.98,5.97,6.05,5.95,5.95,0.0,0.0,0.0,0.0,5.95
2355,D,MARLON,Sassuolo,23,0,0,0,7,0,5.96,5.8,5.87,5.8,0.0,0.0,0.0,0.0,0.0,0.0,5.8
2378,C,PASTORE,Roma,11,0,0,0,0,0,6.0,6.0,6.02,6.44,0.0,0.0,0.0,0.0,0.0,0.0,6.44
2379,C,RABIOT,Juventus,28,1,0,1,5,1,5.91,5.93,0.0,0.0,0.0,0.0,0.0,0.0,0.0,0.0,0.0
2389,C,IMBULA,Lecce,3,0,0,0,0,0,5.67,5.67,0.0,0.0,0.0,0.0,0.0,0.0,0.0,0.0,0.0
2391,C,EKDAL,Sampdoria,32,0,0,2,8,0,5.92,5.85,5.98,5.9,0.0,0.0,0.0,0.0,0.0,0.0,5.9
2392,C,WALACE,Udinese,20,0,0,0,2,0,5.88,5.82,0.0,0.0,0.0,0.0,0.0,0.0,0.0,0.0,0.0
2409,C,RIBERY,Fiorentina,21,3,0,3,3,1,6.43,6.88,0.0,0.0,0.0,0.0,0.0,0.0,0.0,0.0,0.0
2446,D,DONATI,Lecce,20,1,0,0,4,0,5.88,5.82,0.0,0.0,0.0,0.0,0.0,0.0,0.0,0.0,0.0
2468,P,OSPINA,Napoli,17,0,17,0,0,0,5.97,4.97,6.03,4.94,0.0,0.0,0.0,0.0,0.0,0.0,4.94
2472,C,RAMSEY,Juventus,24,3,0,0,2,0,6.05,6.45,0.0,0.0,0.0,0.0,0.0,0.0,0.0,0.0,0.0
2475,A,SANCHEZ A.,Inter,22,4,0,8,2,1,6.44,7.56,0.0,0.0,0.0,0.0,0.0,0.0,0.0,0.0,0.0
2488,C,MOSES,Inter,12,0,0,3,1,0,6.2,6.45,0.0,0.0,0.0,0.0,0.0,0.0,0.0,0.0,0.0
2504,C,CAN,Juventus,8,0,0,0,2,0,5.64,5.5,5.88,5.97,0.0,0.0,0.0,0.0,0.0,0.0,5.97
2525,D,DARMIAN,Parma,33,1,0,1,6,0,5.83,5.86,0.0,0.0,0.0,0.0,0.0,0.0,0.0,0.0,0.0
2529,C,MKHITARYAN,Roma,22,9,0,5,5,0,6.25,7.59,0.0,0.0,0.0,0.0,0.0,0.0,0.0,0.0,0.0
2530,A,IBRAHIMOVIC,Milan,18,10,0,3,1,0,6.42,8.06,0.0,0.0,0.0,0.0,0.0,0.0,0.0,0.0,0.0
2531,A,LUKAKU R.,Inter,36,23,0,1,2,0,6.4,8.32,0.0,0.0,0.0,0.0,0.0,0.0,0.0,0.0,0.0
2556,C,ERIKSEN,Inter,17,1,0,2,0,0,5.92,6.31,0.0,0.0,0.0,0.0,0.0,0.0,0.0,0.0,0.0
2572,D,GODIN,Inter,23,1,0,1,5,0,6.12,6.2,0.0,0.0,0.0,0.0,0.0,0.0,0.0,0.0,0.0
2610,A,CRISTIANO RONALDO,Juventus,33,31,0,3,3,0,6.62,9.39,6.57,9.01,0.0,0.0,0.0,0.0,0.0,0.0,9.01
2617,C,NZONZI,Roma,0,0,0,0,0,0,0.0,0.0,3.02,3.04,0.0,0.0,0.0,0.0,0.0,0.0,3.04
2625,C,SORIANO,Bologna,29,5,0,4,3,2,6.12,6.66,6.05,6.43,0.0,0.0,0.0,0.0,0.0,0.0,6.43
2633,D,KJAER,Milan,20,0,0,0,4,0,6.0,5.9,0.0,0.0,0.0,0.0,0.0,0.0,0.0,0.0,0.0
2642,C,CALVANO,Verona,0,0,0,0,0,0,0.0,0.0,0.0,0.0,0.0,0.0,0.0,0.0,0.0,0.0,0.0
2646,C,SANDRO,Genoa,0,0,0,0,0,0,0.0,0.0,2.86,2.76,3.96,3.91,0.0,0.0,0.0,0.0,3.91
2648,C,MACHACH,Napoli,0,0,0,0,0,0,0.0,0.0,0.0,0.0,0.0,0.0,0.0,0.0,0.0,0.0,0.0
2653,D,LYKOGIANNIS,Cagliari,20,0,0,1,4,0,5.68,5.63,5.52,5.52,5.58,5.64,0.0,0.0,0.0,0.0,5.64
2657,A,ANTONUCCI,Roma,2,0,0,0,1,0,5.5,5.25,0.0,0.0,0.0,0.0,0.0,0.0,0.0,0.0,0.0
2659,C,DABO,SPAL,16,1,0,3,4,0,5.66,5.91,5.78,5.98,5.82,6.01,0.0,0.0,0.0,0.0,6.01
2664,D,EL YAMIQ,Genoa,3,0,0,0,1,0,5.17,5.0,2.58,2.5,3.6,3.54,0.0,0.0,0.0,0.0,3.54
2692,C,CASTILLEJO,Milan,22,2,0,3,3,0,6.22,6.64,6.1,6.6,0.0,0.0,0.0,0.0,0.0,0.0,6.6
2707,D,YOUNG,Inter,18,4,0,4,1,0,6.16,7.12,0.0,0.0,0.0,0.0,0.0,0.0,0.0,0.0,0.0
2719,A,BARROW,Bologna,25,9,0,5,1,0,6.22,7.36,6.04,6.7,6.13,6.94,0.0,0.0,0.0,0.0,6.94
2724,D,BUONGIORNO,Torino,0,0,0,0,0,0,0.0,0.0,0.0,0.0,0.0,0.0,0.0,0.0,0.0,0.0,0.0
2726,C,DANZI,Verona,1,0,0,0,0,0,0.0,0.0,0.0,0.0,0.0,0.0,0.0,0.0,0.0,0.0,0.0
2728,D,PELLEGRINI LU.,Cagliari,24,0,0,5,10,0,5.92,5.92,5.85,5.82,3.9,3.88,0.0,0.0,0.0,0.0,3.88
2732,A,STIJEPOVIC,Sampdoria,0,0,0,0,0,0,0.0,0.0,0.0,0.0,0.0,0.0,0.0,0.0,0.0,0.0,0.0
2739,D,RECA,SPAL,25,0,0,2,2,0,5.66,5.7,6.08,6.1,0.0,0.0,0.0,0.0,0.0,0.0,6.1
2740,D,VARNIER,Atalanta,0,0,0,0,0,0,0.0,0.0,0.0,0.0,0.0,0.0,0.0,0.0,0.0,0.0,0.0
2741,C,PESSINA,Verona,35,7,0,0,7,0,6.01,6.51,6.0,6.36,0.0,0.0,0.0,0.0,0.0,0.0,6.36
2742,C,VALZANIA,Atalanta,0,0,0,0,0,0,0.0,0.0,2.98,3.15,0.0,0.0,0.0,0.0,0.0,0.0,3.15
2743,A,SANTANDER,Bologna,24,1,0,0,6,0,5.84,5.84,5.96,6.4,0.0,0.0,0.0,0.0,0.0,0.0,6.4
2744,C,SVANBERG,Bologna,25,1,0,1,2,0,5.92,6.08,5.84,5.94,0.0,0.0,0.0,0.0,0.0,0.0,5.94
2745,D,CALABRESI,Bologna,0,0,0,0,0,0,0.0,0.0,2.87,2.84,0.0,0.0,0.0,0.0,0.0,0.0,2.84
2746,D,DIJKS,Bologna,13,0,0,0,5,0,5.69,5.5,5.77,5.66,0.0,0.0,0.0,0.0,0.0,0.0,5.66
2747,D,PAZ,Lecce,16,0,0,1,5,0,5.69,5.58,5.47,5.29,0.0,0.0,0.0,0.0,0.0,0.0,5.29
2752,D,RASMUSSEN,Fiorentina,0,0,0,0,0,0,0.0,0.0,2.71,2.69,0.0,0.0,0.0,0.0,0.0,0.0,2.69
2754,D,HANCKO,Fiorentina,0,0,0,0,0,0,0.0,0.0,2.88,3.0,0.0,0.0,0.0,0.0,0.0,0.0,3.0
2756,A,PIATEK,Milan,18,4,0,0,1,0,5.67,6.31,5.98,7.16,0.0,0.0,0.0,0.0,0.0,0.0,7.16
2758,D,GUNTER,Verona,32,0,0,0,7,0,5.9,5.79,5.89,5.81,0.0,0.0,0.0,0.0,0.0,0.0,5.81
2759,D,CRISCITO,Genoa,26,8,0,0,7,0,5.98,6.56,6.02,6.35,0.0,0.0,0.0,0.0,0.0,0.0,6.35
2760,C,CALLEGARI,Genoa,0,0,0,0,0,0,0.0,0.0,0.0,0.0,0.0,0.0,0.0,0.0,0.0,0.0,0.0
2761,P,VODISEK,Genoa,0,0,0,0,0,0,0.0,0.0,0.0,0.0,0.0,0.0,0.0,0.0,0.0,0.0,0.0
2762,A,KOUAME',Fiorentina,18,6,0,3,1,0,6.19,7.33,6.12,6.88,0.0,0.0,0.0,0.0,0.0,0.0,6.88
2764,A,MARTINEZ L.,Inter,35,14,0,3,7,1,6.13,7.2,6.12,7.04,0.0,0.0,0.0,0.0,0.0,0.0,7.04
2766,C,ZANIOLO,Roma,26,6,0,2,8,0,6.12,6.76,6.1,6.61,0.0,0.0,0.0,0.0,0.0,0.0,6.61
2769,D,MAGNANI,Sassuolo,10,1,0,0,3,0,5.67,5.92,5.78,5.9,0.0,0.0,0.0,0.0,0.0,0.0,5.9
2770,P,PROTO,Lazio,0,0,0,0,0,0,0.0,0.0,3.12,2.0,0.0,0.0,0.0,0.0,0.0,0.0,2.0
2771,C,BERISHA V.,Lazio,3,0,0,0,0,0,6.0,6.0,6.0,6.0,0.0,0.0,0.0,0.0,0.0,0.0,6.0
2772,D,DURMISI,Lazio,0,0,0,0,0,0,0.0,0.0,2.88,2.75,0.0,0.0,0.0,0.0,0.0,0.0,2.75
2773,A,SPROCATI,Parma,20,1,0,0,0,0,5.69,5.92,5.71,5.94,0.0,0.0,0.0,0.0,0.0,0.0,5.94
2775,C,RUIZ,Napoli,33,3,0,6,2,0,6.03,6.45,6.14,6.65,0.0,0.0,0.0,0.0,0.0,0.0,6.65
2776,C,YOUNES,Napoli,9,1,0,0,1,0,5.88,6.5,6.07,6.86,0.0,0.0,0.0,0.0,0.0,0.0,6.86
2779,C,KLUIVERT,Roma,22,4,0,0,4,1,5.93,6.34,5.9,6.28,0.0,0.0,0.0,0.0,0.0,0.0,6.28
2780,C,CORIC,Roma,0,0,0,0,0,0,0.0,0.0,2.75,2.75,0.0,0.0,0.0,0.0,0.0,0.0,2.75
2781,P,FUZATO,Roma,1,0,1,0,0,0,6.0,5.0,3.0,2.5,0.0,0.0,0.0,0.0,0.0,0.0,2.5
2783,D,BIANDA,Roma,0,0,0,0,0,0,0.0,0.0,0.0,0.0,0.0,0.0,0.0,0.0,0.0,0.0,0.0
2784,D,COLLEY,Sampdoria,31,0,0,1,10,0,5.79,5.66,5.85,5.76,0.0,0.0,0.0,0.0,0.0,0.0,5.76
2785,C,PEETERS,Juventus,1,0,0,0,0,0,6.0,6.0,3.0,3.0,0.0,0.0,0.0,0.0,0.0,0.0,3.0
2787,D,DICKMANN,SPAL,0,0,0,0,0,0,0.0,0.0,2.75,2.69,0.0,0.0,0.0,0.0,0.0,0.0,2.69
2788,D,BREMER,Torino,27,3,0,0,2,2,5.81,6.04,5.9,5.9,0.0,0.0,0.0,0.0,0.0,0.0,5.9
2789,C,MEITE',Torino,33,0,0,1,5,0,5.71,5.66,5.84,5.88,0.0,0.0,0.0,0.0,0.0,0.0,5.88
2790,P,ROSATI,Torino,1,0,1,0,0,0,5.5,4.5,2.75,2.25,0.0,0.0,0.0,0.0,0.0,0.0,2.25
2792,P,MUSSO,Udinese,38,0,51,0,1,0,6.26,5.07,6.24,4.93,0.0,0.0,0.0,0.0,0.0,0.0,4.93
2793,D,OPOKU,Udinese,7,0,0,0,1,1,5.71,5.5,5.58,5.36,0.0,0.0,0.0,0.0,0.0,0.0,5.36
2794,A,MICIN,Udinese,0,0,0,0,0,0,0.0,0.0,0.0,0.0,0.0,0.0,0.0,0.0,0.0,0.0,0.0
2795,D,TER AVEST,Udinese,20,0,0,0,1,0,5.71,5.68,5.76,5.78,0.0,0.0,0.0,0.0,0.0,0.0,5.78
2798,P,DINI,Parma,0,0,0,0,0,0,0.0,0.0,0.0,0.0,0.0,0.0,0.0,0.0,0.0,0.0,0.0
2801,D,IACOPONI,Parma,36,2,0,0,7,0,5.86,5.93,5.74,5.76,0.0,0.0,0.0,0.0,0.0,0.0,5.76
2802,C,BARILLA',Parma,26,1,0,1,6,0,5.68,5.72,5.72,5.84,0.0,0.0,0.0,0.0,0.0,0.0,5.84
2804,C,SCOZZARELLA,Parma,16,0,0,3,2,0,6.18,6.32,5.98,6.03,0.0,0.0,0.0,0.0,0.0,0.0,6.03
2805,A,BARAYE,Parma,0,0,0,0,0,0,0.0,0.0,0.0,0.0,0.0,0.0,0.0,0.0,0.0,0.0,0.0
2807,A,DA CRUZ,Parma,0,0,0,0,0,0,0.0,0.0,2.75,2.75,0.0,0.0,0.0,0.0,0.0,0.0,2.75
2808,A,FREDIANI,Parma,0,0,0,0,0,0,0.0,0.0,0.0,0.0,0.0,0.0,0.0,0.0,0.0,0.0,0.0
2809,P,VIGORITO,Lecce,5,0,9,0,1,0,5.9,4.0,0.0,0.0,0.0,0.0,0.0,0.0,0.0,0.0,0.0
2815,P,TERRACCIANO,Fiorentina,7,0,5,0,0,0,6.36,5.64,6.3,5.3,0.0,0.0,0.0,0.0,0.0,0.0,5.3
2816,D,DI LORENZO,Napoli,33,3,0,3,5,0,5.94,6.23,5.96,6.29,0.0,0.0,0.0,0.0,0.0,0.0,6.29
2818,C,BENNACER,Milan,31,1,0,0,14,0,6.02,5.89,6.04,5.95,0.0,0.0,0.0,0.0,0.0,0.0,5.95
2819,A,CAPUTO,Sassuolo,36,21,0,6,3,0,6.41,8.4,6.24,7.76,0.0,0.0,0.0,0.0,0.0,0.0,7.76
2825,C,BOURABIA,Sassuolo,17,1,0,1,5,1,5.72,5.53,5.76,5.64,0.0,0.0,0.0,0.0,0.0,0.0,5.64
2826,A,PUSSETTO,Udinese,12,1,0,0,1,0,5.72,6.0,5.84,6.15,0.0,0.0,0.0,0.0,0.0,0.0,6.15
2828,C,COLOMBATTO,Cagliari,0,0,0,0,0,0,0.0,0.0,0.0,0.0,0.0,0.0,0.0,0.0,0.0,0.0,0.0
2832,A,BOGA,Sassuolo,34,11,0,2,0,0,6.23,7.29,6.16,6.88,0.0,0.0,0.0,0.0,0.0,0.0,6.88
2833,C,KULUSEVSKI,Parma,36,10,0,8,3,0,6.28,7.29,5.89,6.4,0.0,0.0,0.0,0.0,0.0,0.0,6.4
2835,C,KINGSLEY,Bologna,1,0,0,0,0,0,6.5,6.5,3.25,3.25,0.0,0.0,0.0,0.0,0.0,0.0,3.25
2836,P,OLSEN,Cagliari,17,0,24,0,0,1,6.41,4.94,6.18,4.66,0.0,0.0,0.0,0.0,0.0,0.0,4.66
2839,A,SOTTIL,Fiorentina,18,0,0,0,3,0,5.79,5.71,2.9,2.86,0.0,0.0,0.0,0.0,0.0,0.0,2.86
2841,A,VLAHOVIC,Fiorentina,30,6,0,0,4,1,5.85,6.41,5.74,6.02,0.0,0.0,0.0,0.0,0.0,0.0,6.02
2842,A,ZANIMACCHIA,Juventus,2,0,0,0,0,0,6.0,6.0,3.0,3.0,0.0,0.0,0.0,0.0,0.0,0.0,3.0
2844,A,COLIDIO,Inter,0,0,0,0,0,0,0.0,0.0,0.0,0.0,0.0,0.0,0.0,0.0,0.0,0.0,0.0
2852,C,RICCARDI,Roma,0,0,0,0,0,0,0.0,0.0,0.0,0.0,0.0,0.0,0.0,0.0,0.0,0.0,0.0
2853,A,MONCINI,SPAL,4,0,0,0,0,0,5.33,5.33,2.66,2.66,0.0,0.0,0.0,0.0,0.0,0.0,2.66
2854,C,BRADARIC,Cagliari,0,0,0,0,0,0,0.0,0.0,2.9,2.82,0.0,0.0,0.0,0.0,0.0,0.0,2.82
2855,C,VIEIRA,Sampdoria,27,0,0,1,11,1,5.68,5.48,5.79,5.64,0.0,0.0,0.0,0.0,0.0,0.0,5.64
2857,C,TRAORE' HJ.,Sassuolo,31,4,0,1,3,0,6.0,6.41,5.98,6.29,0.0,0.0,0.0,0.0,0.0,0.0,6.29
2860,D,MALCUIT,Napoli,4,0,0,0,0,0,6.0,6.0,6.06,6.08,0.0,0.0,0.0,0.0,0.0,0.0,6.08
2865,D,AINA,Torino,32,0,0,1,8,0,5.64,5.53,5.76,5.76,0.0,0.0,0.0,0.0,0.0,0.0,5.76
2868,A,RIGONI E,Sampdoria,8,0,0,1,2,0,5.64,5.64,5.65,6.12,0.0,0.0,0.0,0.0,0.0,0.0,6.12
2869,D,DJIDJI,Torino,17,0,0,0,1,0,5.27,5.08,5.6,5.48,0.0,0.0,0.0,0.0,0.0,0.0,5.48
2870,D,TROOST-EKONG,Udinese,30,0,0,0,5,0,5.69,5.6,5.73,5.65,0.0,0.0,0.0,0.0,0.0,0.0,5.65
2871,D,KLAVAN,Cagliari,31,0,0,0,4,0,5.86,5.71,5.86,5.76,0.0,0.0,0.0,0.0,0.0,0.0,5.76
2873,A,TEODORCZYK,Udinese,14,0,0,0,1,0,5.7,5.6,5.7,5.64,0.0,0.0,0.0,0.0,0.0,0.0,5.64
4178,D,ASCACIBAR,Atalanta,0,0,0,0,0,0,0.0,0.0,0.0,0.0,0.0,0.0,0.0,0.0,0.0,0.0,0.0
4228,C,GHEZZAL,Fiorentina,19,1,0,0,5,0,5.8,5.83,0.0,0.0,0.0,0.0,0.0,0.0,0.0,0.0,0.0
4237,D,DANILO,Juventus,22,2,0,0,2,1,5.75,5.93,0.0,0.0,0.0,0.0,0.0,0.0,0.0,0.0,0.0
4245,D,SMALLING,Roma,30,3,0,1,2,0,6.22,6.52,0.0,0.0,0.0,0.0,0.0,0.0,0.0,0.0,0.0
4287,C,LOBOTKA,Napoli,14,0,0,0,0,0,6.08,6.08,0.0,0.0,0.0,0.0,0.0,0.0,0.0,0.0,0.0
4292,D,HERNANDEZ T.,Milan,33,6,0,2,10,0,6.29,6.68,0.0,0.0,0.0,0.0,0.0,0.0,0.0,0.0,0.0
4302,D,SIERRALTA,Udinese,0,0,0,0,0,0,0.0,0.0,2.85,2.55,0.0,0.0,0.0,0.0,0.0,0.0,2.55
4307,D,ROMERO C.,Genoa,30,1,0,1,13,1,5.88,5.77,5.94,5.88,0.0,0.0,0.0,0.0,0.0,0.0,5.88
4322,C,PAQUETA',Milan,24,0,0,1,7,0,5.66,5.53,5.77,5.74,0.0,0.0,0.0,0.0,0.0,0.0,5.74
4323,D,ZEEGELAAR,Udinese,13,0,0,2,3,0,5.86,5.91,5.76,5.64,0.0,0.0,0.0,0.0,0.0,0.0,5.64
4324,A,OKAKA,Udinese,33,8,0,2,10,0,6.06,6.7,6.15,7.08,0.0,0.0,0.0,0.0,0.0,0.0,7.08
4325,P,JANDREI,Genoa,0,0,0,0,0,0,0.0,0.0,3.0,2.5,0.0,0.0,0.0,0.0,0.0,0.0,2.5
4327,C,OLIVA,Cagliari,11,1,0,1,1,0,6.22,6.61,3.11,3.3,0.0,0.0,0.0,0.0,0.0,0.0,3.3
4330,C,LERAGER,Genoa,21,1,0,1,5,0,5.74,5.81,5.66,5.72,0.0,0.0,0.0,0.0,0.0,0.0,5.72
4331,D,IBANEZ,Roma,9,0,0,0,2,0,6.06,5.94,3.03,2.97,0.0,0.0,0.0,0.0,0.0,0.0,2.97
4332,D,DEMIRAL,Juventus,6,1,0,1,1,0,6.25,6.83,6.27,6.72,0.0,0.0,0.0,0.0,0.0,0.0,6.72
4333,A,DESPODOV,Cagliari,0,0,0,0,0,0,0.0,0.0,2.81,2.81,0.0,0.0,0.0,0.0,0.0,0.0,2.81
4338,C,JANKOVIC,SPAL,6,0,0,0,1,0,5.25,5.25,5.62,5.5,0.0,0.0,0.0,0.0,0.0,0.0,5.5
4346,A,MILLICO,Torino,11,0,0,0,0,0,5.58,5.58,2.79,2.79,0.0,0.0,0.0,0.0,0.0,0.0,2.79
4349,C,NICOLUSSI CAVIGLIA,Juventus,0,0,0,0,0,0,0.0,0.0,2.75,2.75,0.0,0.0,0.0,0.0,0.0,0.0,2.75
4351,P,BRANCOLINI,Fiorentina,1,0,0,0,0,0,0.0,0.0,0.0,0.0,0.0,0.0,0.0,0.0,0.0,0.0,0.0
4353,C,MONTIEL,Fiorentina,0,0,0,0,0,0,0.0,0.0,0.0,0.0,0.0,0.0,0.0,0.0,0.0,0.0,0.0
4359,A,PICCOLI,Atalanta,1,0,0,0,0,0,6.0,6.0,5.75,5.75,0.0,0.0,0.0,0.0,0.0,0.0,5.75
4362,C,BELOKO,Fiorentina,0,0,0,0,0,0,0.0,0.0,2.75,2.5,0.0,0.0,0.0,0.0,0.0,0.0,2.5
4364,C,GAETANO,Napoli,0,0,0,0,0,0,0.0,0.0,0.0,0.0,0.0,0.0,0.0,0.0,0.0,0.0,0.0
4365,D,CORBO,Bologna,2,0,0,0,1,0,5.25,5.0,2.62,2.5,0.0,0.0,0.0,0.0,0.0,0.0,2.5
4366,D,ARMINI,Lazio,1,0,0,0,0,0,0.0,0.0,2.75,2.75,0.0,0.0,0.0,0.0,0.0,0.0,2.75
4368,A,JUWARA,Bologna,7,1,0,0,1,0,6.33,7.17,3.16,3.58,0.0,0.0,0.0,0.0,0.0,0.0,3.58
4370,C,PORTANOVA,Juventus,0,0,0,0,0,0,0.0,0.0,0.0,0.0,0.0,0.0,0.0,0.0,0.0,0.0,0.0
4371,A,RASPADORI,Sassuolo,11,2,0,0,0,0,6.29,7.14,3.14,3.57,0.0,0.0,0.0,0.0,0.0,0.0,3.57
4373,D,MATEJU,Brescia,31,0,0,1,8,1,5.47,5.27,0.0,0.0,0.0,0.0,0.0,0.0,0.0,0.0,0.0
4374,D,WALUKIEWICZ,Cagliari,14,0,0,0,1,0,5.64,5.61,0.0,0.0,0.0,0.0,0.0,0.0,0.0,0.0,0.0
4375,D,TERZIC,Fiorentina,2,0,0,0,0,0,0.0,0.0,0.0,0.0,0.0,0.0,0.0,0.0,0.0,0.0,0.0
4376,C,ZURKOWSKI,Fiorentina,2,0,0,0,0,0,0.0,0.0,0.0,0.0,0.0,0.0,0.0,0.0,0.0,0.0,0.0
4377,C,CASTROVILLI,Fiorentina,33,3,0,2,10,0,6.24,6.42,0.0,0.0,0.0,0.0,0.0,0.0,0.0,0.0,0.0
4378,D,RANIERI L,Fiorentina,3,0,0,0,0,1,5.5,5.17,0.0,0.0,0.0,0.0,0.0,0.0,0.0,0.0,0.0
4379,A,GORI G,Fiorentina,0,0,0,0,0,0,0.0,0.0,0.0,0.0,0.0,0.0,0.0,0.0,0.0,0.0,0.0
4380,C,BURGIO,Inter,0,0,0,0,0,0,0.0,0.0,0.0,0.0,0.0,0.0,0.0,0.0,0.0,0.0,0.0
4381,A,GUMUS,Genoa,3,0,0,0,0,0,6.25,6.25,0.0,0.0,0.0,0.0,0.0,0.0,0.0,0.0,0.0
4383,C,ZENNARO,Genoa,0,0,0,0,0,0,0.0,0.0,0.0,0.0,0.0,0.0,0.0,0.0,0.0,0.0,0.0
4384,C,JAGIELLO,Genoa,11,0,0,2,0,0,6.0,6.2,0.0,0.0,0.0,0.0,0.0,0.0,0.0,0.0,0.0
4385,C,LAZARO,Inter,6,0,0,1,2,0,5.83,5.83,0.0,0.0,0.0,0.0,0.0,0.0,0.0,0.0,0.0
4386,D,SALA M,Sassuolo,0,0,0,0,0,0,0.0,0.0,0.0,0.0,0.0,0.0,0.0,0.0,0.0,0.0,0.0
4387,A,ADORANTE,Parma,0,0,0,0,0,0,0.0,0.0,0.0,0.0,0.0,0.0,0.0,0.0,0.0,0.0,0.0
4388,A,ADEKANYE,Lazio,11,1,0,0,1,0,6.0,6.62,0.0,0.0,0.0,0.0,0.0,0.0,0.0,0.0,0.0
4389,C,ANDERSON A.,Lazio,7,0,0,0,0,0,6.0,6.0,0.0,0.0,0.0,0.0,0.0,0.0,0.0,0.0,0.0
4390,C,ANDERSON D.,Lazio,5,0,0,0,1,0,5.67,5.5,0.0,0.0,0.0,0.0,0.0,0.0,0.0,0.0,0.0
4391,D,CASASOLA,Lazio,0,0,0,0,0,0,0.0,0.0,0.0,0.0,0.0,0.0,0.0,0.0,0.0,0.0,0.0
4392,D,RIZZO N,Genoa,0,0,0,0,0,0,0.0,0.0,0.0,0.0,0.0,0.0,0.0,0.0,0.0,0.0,0.0
4393,C,SCHOUTEN,Bologna,19,0,0,0,6,1,5.78,5.56,0.0,0.0,0.0,0.0,0.0,0.0,0.0,0.0,0.0
4397,D,VAVRO,Lazio,11,0,0,0,0,0,5.83,5.83,0.0,0.0,0.0,0.0,0.0,0.0,0.0,0.0,0.0
4398,D,BENZAR,Lecce,3,0,0,0,0,0,5.5,5.5,0.0,0.0,0.0,0.0,0.0,0.0,0.0,0.0,0.0
4399,D,VERA,Lecce,8,0,0,1,0,0,5.8,6.0,0.0,0.0,0.0,0.0,0.0,0.0,0.0,0.0,0.0
4400,C,SHAKHOV,Lecce,24,1,0,2,3,0,5.69,5.86,0.0,0.0,0.0,0.0,0.0,0.0,0.0,0.0,0.0
4401,D,GABBIA,Milan,9,0,0,0,1,0,5.83,5.78,0.0,0.0,0.0,0.0,0.0,0.0,0.0,0.0,0.0
4403,D,CHABOT,Sampdoria,8,1,0,0,1,1,5.88,6.06,0.0,0.0,0.0,0.0,0.0,0.0,0.0,0.0,0.0
4404,C,THORSBY,Sampdoria,24,1,0,1,7,1,5.76,5.65,0.0,0.0,0.0,0.0,0.0,0.0,0.0,0.0,0.0
4405,C,MARONI,Sampdoria,5,0,0,1,0,0,5.75,5.25,0.0,0.0,0.0,0.0,0.0,0.0,0.0,0.0,0.0
4406,D,TRIPALDELLI,Sassuolo,2,0,0,0,0,0,5.75,5.75,0.0,0.0,0.0,0.0,0.0,0.0,0.0,0.0,0.0
4407,D,IGOR,Fiorentina,26,0,0,1,9,0,5.75,5.62,0.0,0.0,0.0,0.0,0.0,0.0,0.0,0.0,0.0
4409,D,RRAHMANI,Verona,36,0,0,1,5,0,6.01,5.97,0.0,0.0,0.0,0.0,0.0,0.0,0.0,0.0,0.0
4410,P,BORGHETTO,Verona,0,0,0,0,0,0,0.0,0.0,0.0,0.0,0.0,0.0,0.0,0.0,0.0,0.0,0.0
4411,C,AGOUME,Inter,3,0,0,0,1,0,6.0,5.75,0.0,0.0,0.0,0.0,0.0,0.0,0.0,0.0,0.0
4412,D,RODRIGO BECAO,Udinese,29,1,0,0,8,0,5.84,5.8,0.0,0.0,0.0,0.0,0.0,0.0,0.0,0.0,0.0
4413,A,AYE',Brescia,22,0,0,0,2,1,5.45,5.36,0.0,0.0,0.0,0.0,0.0,0.0,0.0,0.0,0.0
4414,D,DENSWIL,Bologna,26,0,0,0,5,1,5.46,5.24,0.0,0.0,0.0,0.0,0.0,0.0,0.0,0.0,0.0
4415,A,SKOV OLSEN,Bologna,26,1,0,0,2,0,5.69,5.83,0.0,0.0,0.0,0.0,0.0,0.0,0.0,0.0,0.0
4419,P,PAU LOPEZ,Roma,32,0,45,0,3,0,6.06,4.7,0.0,0.0,0.0,0.0,0.0,0.0,0.0,0.0,0.0
4420,D,BOCCHETTI,Verona,5,0,0,0,2,0,6.2,6.0,0.0,0.0,0.0,0.0,0.0,0.0,0.0,0.0,0.0
4421,D,AUGELLO,Sampdoria,17,0,0,2,2,0,6.09,6.16,0.0,0.0,0.0,0.0,0.0,0.0,0.0,0.0,0.0
4422,D,TOMIYASU,Bologna,29,1,0,3,8,0,5.9,5.97,0.0,0.0,0.0,0.0,0.0,0.0,0.0,0.0,0.0
4423,C,HERNANI,Parma,32,0,0,4,10,0,5.78,5.75,0.0,0.0,0.0,0.0,0.0,0.0,0.0,0.0,0.0
4424,C,JONY,Lazio,24,0,0,1,4,0,5.64,5.6,0.0,0.0,0.0,0.0,0.0,0.0,0.0,0.0,0.0
4425,P,JORONEN,Brescia,29,0,59,0,1,0,6.24,4.29,0.0,0.0,0.0,0.0,0.0,0.0,0.0,0.0,0.0
4426,D,TOLJAN,Sassuolo,29,1,0,2,8,0,5.95,5.98,0.0,0.0,0.0,0.0,0.0,0.0,0.0,0.0,0.0
4427,C,MALINOVSKYI,Atalanta,34,8,0,3,5,1,6.26,6.88,0.0,0.0,0.0,0.0,0.0,0.0,0.0,0.0,0.0
4428,D,DE LIGT,Juventus,29,4,0,0,5,0,6.03,6.36,0.0,0.0,0.0,0.0,0.0,0.0,0.0,0.0,0.0
4429,D,CHANCELLOR,Brescia,26,3,0,0,3,0,5.71,5.92,0.0,0.0,0.0,0.0,0.0,0.0,0.0,0.0,0.0
4430,A,CRISTO GONZALEZ,Udinese,0,0,0,0,0,0,0.0,0.0,0.0,0.0,0.0,0.0,0.0,0.0,0.0,0.0,0.0
4432,D,OKOLI,Atalanta,0,0,0,0,0,0,0.0,0.0,0.0,0.0,0.0,0.0,0.0,0.0,0.0,0.0,0.0
4433,D,ZORTEA,Atalanta,0,0,0,0,0,0,0.0,0.0,0.0,0.0,0.0,0.0,0.0,0.0,0.0,0.0,0.0
4435,C,COLLEY E.,Atalanta,5,0,0,1,1,0,6.25,6.5,0.0,0.0,0.0,0.0,0.0,0.0,0.0,0.0,0.0
4436,A,CAMBIAGHI,Atalanta,0,0,0,0,0,0,0.0,0.0,0.0,0.0,0.0,0.0,0.0,0.0,0.0,0.0,0.0
4438,D,CASSANDRO,Bologna,0,0,0,0,0,0,0.0,0.0,0.0,0.0,0.0,0.0,0.0,0.0,0.0,0.0,0.0
4440,P,ALFONSO,Brescia,4,0,4,0,0,0,6.17,4.83,0.0,0.0,0.0,0.0,0.0,0.0,0.0,0.0,0.0
4441,P,ANDRENACCI,Brescia,6,0,16,0,0,0,6.08,3.42,0.0,0.0,0.0,0.0,0.0,0.0,0.0,0.0,0.0
4442,D,CISTANA,Brescia,21,1,0,0,6,1,5.71,5.67,0.0,0.0,0.0,0.0,0.0,0.0,0.0,0.0,0.0
4443,D,CURCIO,Brescia,1,0,0,0,0,0,0.0,0.0,0.0,0.0,0.0,0.0,0.0,0.0,0.0,0.0,0.0
4444,D,SEMPRINI,Brescia,12,1,0,0,2,0,5.7,5.9,0.0,0.0,0.0,0.0,0.0,0.0,0.0,0.0,0.0
4445,C,BISOLI,Brescia,25,1,0,1,6,0,5.86,5.9,0.0,0.0,0.0,0.0,0.0,0.0,0.0,0.0,0.0
4447,C,NDOJ,Brescia,18,0,0,0,2,0,5.63,5.57,0.0,0.0,0.0,0.0,0.0,0.0,0.0,0.0,0.0
4448,C,SPALEK,Brescia,25,2,0,1,5,0,5.29,5.48,0.0,0.0,0.0,0.0,0.0,0.0,0.0,0.0,0.0
4449,C,TONALI,Brescia,35,1,0,7,9,0,6.0,6.16,0.0,0.0,0.0,0.0,0.0,0.0,0.0,0.0,0.0
4450,C,TREMOLADA,Brescia,1,0,0,0,0,0,6.0,6.0,0.0,0.0,0.0,0.0,0.0,0.0,0.0,0.0,0.0
4451,C,VIVIANI M.,Brescia,8,0,0,0,0,0,5.58,5.58,0.0,0.0,0.0,0.0,0.0,0.0,0.0,0.0,0.0
4452,A,DONNARUMMA AL.,Brescia,31,7,0,2,1,0,5.77,6.57,0.0,0.0,0.0,0.0,0.0,0.0,0.0,0.0,0.0
4453,A,TORREGROSSA,Brescia,25,7,0,2,8,0,6.28,7.04,0.0,0.0,0.0,0.0,0.0,0.0,0.0,0.0,0.0
4454,D,PINNA,Cagliari,1,0,0,0,1,0,6.5,6.0,0.0,0.0,0.0,0.0,0.0,0.0,0.0,0.0,0.0
4455,A,RAGATZU,Cagliari,13,1,0,0,1,0,5.94,6.31,0.0,0.0,0.0,0.0,0.0,0.0,0.0,0.0,0.0
4456,C,MELI,Fiorentina,0,0,0,0,0,0,0.0,0.0,0.0,0.0,0.0,0.0,0.0,0.0,0.0,0.0,0.0
4458,D,CANDELA,Genoa,0,0,0,0,0,0,0.0,0.0,0.0,0.0,0.0,0.0,0.0,0.0,0.0,0.0,0.0
4459,C,ROVELLA,Genoa,2,0,0,0,0,0,5.75,5.75,0.0,0.0,0.0,0.0,0.0,0.0,0.0,0.0,0.0
4460,C,SCHAFER,Genoa,0,0,0,0,0,0,0.0,0.0,0.0,0.0,0.0,0.0,0.0,0.0,0.0,0.0,0.0
4461,D,ZAPPA,Inter,0,0,0,0,0,0,0.0,0.0,0.0,0.0,0.0,0.0,0.0,0.0,0.0,0.0,0.0
4462,C,POMPETTI,Inter,0,0,0,0,0,0,0.0,0.0,0.0,0.0,0.0,0.0,0.0,0.0,0.0,0.0,0.0
4463,A,ESPOSITO SE.,Inter,7,1,0,0,1,0,5.83,6.67,0.0,0.0,0.0,0.0,0.0,0.0,0.0,0.0,0.0
4464,A,MEROLA,Inter,0,0,0,0,0,0,0.0,0.0,0.0,0.0,0.0,0.0,0.0,0.0,0.0,0.0,0.0
4465,C,FAGIOLI,Juventus,0,0,0,0,0,0,0.0,0.0,0.0,0.0,0.0,0.0,0.0,0.0,0.0,0.0,0.0
4466,A,PETRELLI,Juventus,0,0,0,0,0,0,0.0,0.0,0.0,0.0,0.0,0.0,0.0,0.0,0.0,0.0,0.0
4467,D,JORGE SILVA,Lazio,0,0,0,0,0,0,0.0,0.0,0.0,0.0,0.0,0.0,0.0,0.0,0.0,0.0,0.0
4468,P,BLEVE,Lecce,0,0,0,0,0,0,0.0,0.0,0.0,0.0,0.0,0.0,0.0,0.0,0.0,0.0,0.0
4469,P,MILLI,Lecce,0,0,0,0,0,0,0.0,0.0,0.0,0.0,0.0,0.0,0.0,0.0,0.0,0.0,0.0
4470,D,CALDERONI,Lecce,26,3,0,2,7,0,5.7,6.0,0.0,0.0,0.0,0.0,0.0,0.0,0.0,0.0,0.0
4471,D,COSENZA,Lecce,0,0,0,0,0,0,0.0,0.0,0.0,0.0,0.0,0.0,0.0,0.0,0.0,0.0,0.0
4472,D,MECCARIELLO,Lecce,14,1,0,0,2,0,5.62,5.83,0.0,0.0,0.0,0.0,0.0,0.0,0.0,0.0,0.0
4473,D,RICCARDI D,Lecce,1,0,0,0,0,0,5.5,5.5,0.0,0.0,0.0,0.0,0.0,0.0,0.0,0.0,0.0
4474,C,HAYE,Lecce,0,0,0,0,0,0,0.0,0.0,0.0,0.0,0.0,0.0,0.0,0.0,0.0,0.0,0.0
4475,C,MAJER,Lecce,27,1,0,1,7,0,5.78,5.8,0.0,0.0,0.0,0.0,0.0,0.0,0.0,0.0,0.0
4476,C,TABANELLI,Lecce,13,1,0,0,4,0,5.69,5.77,0.0,0.0,0.0,0.0,0.0,0.0,0.0,0.0,0.0
4477,A,LA MANTIA,Lecce,12,2,0,0,1,0,5.83,6.44,0.0,0.0,0.0,0.0,0.0,0.0,0.0,0.0,0.0
4479,C,ELMAS,Napoli,26,1,0,1,7,0,6.0,6.05,0.0,0.0,0.0,0.0,0.0,0.0,0.0,0.0,0.0
4480,D,MINELLI,Parma,0,0,0,0,0,0,0.0,0.0,0.0,0.0,0.0,0.0,0.0,0.0,0.0,0.0,0.0
4481,D,BOUAH,Roma,0,0,0,0,0,0,0.0,0.0,0.0,0.0,0.0,0.0,0.0,0.0,0.0,0.0,0.0
4483,A,CANGIANO,Bologna,3,0,0,0,0,0,0.0,0.0,0.0,0.0,0.0,0.0,0.0,0.0,0.0,0.0,0.0
4484,A,D'ORAZIO,Roma,0,0,0,0,0,0,0.0,0.0,0.0,0.0,0.0,0.0,0.0,0.0,0.0,0.0,0.0
4485,P,THIAM D.,SPAL,2,0,4,0,0,0,6.25,4.25,0.0,0.0,0.0,0.0,0.0,0.0,0.0,0.0,0.0
4486,C,STREFEZZA,SPAL,32,1,0,2,7,1,5.88,5.89,0.0,0.0,0.0,0.0,0.0,0.0,0.0,0.0,0.0
4487,D,FERIGRA,Torino,0,0,0,0,0,0,0.0,0.0,0.0,0.0,0.0,0.0,0.0,0.0,0.0,0.0,0.0
4488,D,GILLI,Torino,0,0,0,0,0,0,0.0,0.0,0.0,0.0,0.0,0.0,0.0,0.0,0.0,0.0,0.0
4489,A,RAUTI,Torino,0,0,0,0,0,0,0.0,0.0,0.0,0.0,0.0,0.0,0.0,0.0,0.0,0.0,0.0
4490,C,DE ANGELIS,Torino,0,0,0,0,0,0,0.0,0.0,0.0,0.0,0.0,0.0,0.0,0.0,0.0,0.0,0.0
4491,P,BERARDI A.,Verona,0,0,0,0,0,0,0.0,0.0,0.0,0.0,0.0,0.0,0.0,0.0,0.0,0.0,0.0
4492,D,BALKOVEC,Verona,0,0,0,0,0,0,0.0,0.0,0.0,0.0,0.0,0.0,0.0,0.0,0.0,0.0,0.0
4493,D,DAWIDOWICZ,Verona,15,1,0,0,2,2,5.8,5.8,0.0,0.0,0.0,0.0,0.0,0.0,0.0,0.0,0.0
4494,D,EMPEREUR,Verona,13,0,0,0,3,0,5.82,5.68,0.0,0.0,0.0,0.0,0.0,0.0,0.0,0.0,0.0
4495,D,KUMBULLA,Verona,25,1,0,0,5,1,6.12,6.1,0.0,0.0,0.0,0.0,0.0,0.0,0.0,0.0,0.0
4496,D,VITALE L,Verona,2,0,0,0,0,0,6.0,6.0,0.0,0.0,0.0,0.0,0.0,0.0,0.0,0.0,0.0
4498,C,HENDERSON L,Verona,4,0,0,0,1,0,5.83,5.67,0.0,0.0,0.0,0.0,0.0,0.0,0.0,0.0,0.0
4499,C,LUCAS FELIPPE,Verona,2,0,0,0,0,0,6.0,6.0,0.0,0.0,0.0,0.0,0.0,0.0,0.0,0.0,0.0
4500,A,DI CARMINE,Verona,22,8,0,0,3,0,5.9,6.83,0.0,0.0,0.0,0.0,0.0,0.0,0.0,0.0,0.0
4501,C,OBIANG,Sassuolo,25,1,0,0,10,0,5.77,5.59,0.0,0.0,0.0,0.0,0.0,0.0,0.0,0.0,0.0
4502,D,GALLO,Lecce,0,0,0,0,0,0,0.0,0.0,0.0,0.0,0.0,0.0,0.0,0.0,0.0,0.0,0.0
4504,D,MANGRAVITI,Brescia,13,0,0,0,2,0,5.35,5.27,0.0,0.0,0.0,0.0,0.0,0.0,0.0,0.0,0.0
4505,A,KOFFI,Fiorentina,0,0,0,0,0,0,0.0,0.0,0.0,0.0,0.0,0.0,0.0,0.0,0.0,0.0,0.0
4506,C,LAKTI,Fiorentina,0,0,0,0,0,0,0.0,0.0,0.0,0.0,0.0,0.0,0.0,0.0,0.0,0.0,0.0
4507,A,TUTINO,Verona,6,0,0,0,0,0,5.62,5.62,0.0,0.0,0.0,0.0,0.0,0.0,0.0,0.0,0.0
4508,A,BAHLOULI,Sampdoria,0,0,0,0,0,0,0.0,0.0,0.0,0.0,0.0,0.0,0.0,0.0,0.0,0.0,0.0
4509,D,CIPRIANO,Lazio,0,0,0,0,0,0,0.0,0.0,0.0,0.0,0.0,0.0,0.0,0.0,0.0,0.0,0.0
4510,A,RAFAEL LEAO,Milan,31,6,0,1,0,0,6.14,6.82,0.0,0.0,0.0,0.0,0.0,0.0,0.0,0.0,0.0
4511,D,DUARTE,Milan,6,0,0,0,2,0,5.5,5.3,0.0,0.0,0.0,0.0,0.0,0.0,0.0,0.0,0.0
4512,C,SCHONE,Genoa,32,2,0,2,5,0,5.91,5.98,0.0,0.0,0.0,0.0,0.0,0.0,0.0,0.0,0.0
4513,C,ZMRHAL,Brescia,21,2,0,0,0,0,5.62,5.97,0.0,0.0,0.0,0.0,0.0,0.0,0.0,0.0,0.0
4514,C,NANDEZ,Cagliari,35,2,0,3,14,0,6.11,6.17,0.0,0.0,0.0,0.0,0.0,0.0,0.0,0.0,0.0
4515,C,AGUDELO,Fiorentina,13,1,0,0,3,1,5.85,5.9,0.0,0.0,0.0,0.0,0.0,0.0,0.0,0.0,0.0
4516,D,SKRTEL,Atalanta,0,0,0,0,0,0,0.0,0.0,0.0,0.0,0.0,0.0,0.0,0.0,0.0,0.0,0.0
4517,A,LOZANO,Napoli,26,4,0,1,3,0,5.93,6.45,0.0,0.0,0.0,0.0,0.0,0.0,0.0,0.0,0.0
4518,P,RUSSO A.,Sassuolo,0,0,0,0,0,0,0.0,0.0,0.0,0.0,0.0,0.0,0.0,0.0,0.0,0.0,0.0
4519,D,CETIN,Roma,6,0,0,0,2,1,5.8,5.4,0.0,0.0,0.0,0.0,0.0,0.0,0.0,0.0,0.0
4520,P,LETICA,SPAL,10,0,29,0,1,0,5.7,3.05,0.0,0.0,0.0,0.0,0.0,0.0,0.0,0.0,0.0
4521,D,MULDUR,Sassuolo,24,2,0,2,4,0,6.08,6.38,0.0,0.0,0.0,0.0,0.0,0.0,0.0,0.0,0.0
4522,C,AMRABAT,Verona,34,1,0,1,10,2,6.29,6.21,0.0,0.0,0.0,0.0,0.0,0.0,0.0,0.0,0.0
4523,P,AVOGADRI,Sampdoria,0,0,0,0,0,0,0.0,0.0,0.0,0.0,0.0,0.0,0.0,0.0,0.0,0.0,0.0
4524,C,SEMA,Udinese,32,2,0,1,6,0,5.97,6.1,0.0,0.0,0.0,0.0,0.0,0.0,0.0,0.0,0.0
4525,P,GEMELLO,Torino,0,0,0,0,0,0,0.0,0.0,0.0,0.0,0.0,0.0,0.0,0.0,0.0,0.0,0.0
4526,D,ARANA,Atalanta,4,0,0,0,0,0,6.0,6.0,0.0,0.0,0.0,0.0,0.0,0.0,0.0,0.0,0.0
4527,A,PEDRO,Fiorentina,4,0,0,0,0,0,6.0,6.0,0.0,0.0,0.0,0.0,0.0,0.0,0.0,0.0,0.0
4528,D,GASOLINA WESLEY,Juventus,0,0,0,0,0,0,0.0,0.0,0.0,0.0,0.0,0.0,0.0,0.0,0.0,0.0,0.0
4529,D,ANKERSEN,Genoa,19,0,0,1,2,0,5.62,5.62,0.0,0.0,0.0,0.0,0.0,0.0,0.0,0.0,0.0
4530,D,KYRIAKOPOULOS,Sassuolo,26,0,0,2,4,0,6.05,6.05,0.0,0.0,0.0,0.0,0.0,0.0,0.0,0.0,0.0
4725,C,DEMME,Napoli,15,1,0,0,6,0,6.0,6.0,0.0,0.0,0.0,0.0,0.0,0.0,0.0,0.0,0.0
4862,A,TRAORE' AM.,Atalanta,3,1,0,0,0,0,7.0,10.0,0.0,0.0,0.0,0.0,0.0,0.0,0.0,0.0,0.0
4865,A,CLEONISE,Genoa,4,0,0,0,2,0,6.0,6.0,0.0,0.0,0.0,0.0,0.0,0.0,0.0,0.0,0.0
4866,A,DUBICKAS,Lecce,1,0,0,0,0,0,0.0,0.0,0.0,0.0,0.0,0.0,0.0,0.0,0.0,0.0,0.0
4867,P,TURATI,Sassuolo,2,0,4,0,0,0,5.75,3.75,0.0,0.0,0.0,0.0,0.0,0.0,0.0,0.0,0.0
4868,C,TUNJOV,SPAL,10,0,0,0,0,0,5.2,5.2,0.0,0.0,0.0,0.0,0.0,0.0,0.0,0.0,0.0
4869,C,DOMINGUEZ,Bologna,16,0,0,1,1,0,6.04,6.07,0.0,0.0,0.0,0.0,0.0,0.0,0.0,0.0,0.0
4870,C,ADOPO,Torino,2,0,0,0,0,0,0.0,0.0,0.0,0.0,0.0,0.0,0.0,0.0,0.0,0.0,0.0
4878,P,BEGOVIC,Milan,2,0,3,0,0,0,6.25,4.75,0.0,0.0,0.0,0.0,0.0,0.0,0.0,0.0,0.0
4879,A,SKRABB,Brescia,10,0,0,0,1,0,5.62,5.62,0.0,0.0,0.0,0.0,0.0,0.0,0.0,0.0,0.0
4880,C,BJARNASON,Brescia,13,0,0,0,1,0,5.5,5.46,0.0,0.0,0.0,0.0,0.0,0.0,0.0,0.0,0.0
4881,D,CZYBORRA,Atalanta,1,0,0,0,0,0,6.0,6.0,0.0,0.0,0.0,0.0,0.0,0.0,0.0,0.0,0.0
4882,C,ERIKSSON,Genoa,0,0,0,0,0,0,0.0,0.0,0.0,0.0,0.0,0.0,0.0,0.0,0.0,0.0,0.0
4883,P,BREZA,Bologna,0,0,0,0,0,0,0.0,0.0,0.0,0.0,0.0,0.0,0.0,0.0,0.0,0.0,0.0
4884,A,CARLES PEREZ,Roma,14,1,0,3,2,0,5.95,6.41,0.0,0.0,0.0,0.0,0.0,0.0,0.0,0.0,0.0
4885,C,VILLAR,Roma,9,0,0,0,3,0,6.0,5.83,0.0,0.0,0.0,0.0,0.0,0.0,0.0,0.0,0.0
4886,C,PEREIRO,Cagliari,10,1,0,0,3,0,5.69,5.88,0.0,0.0,0.0,0.0,0.0,0.0,0.0,0.0,0.0
4887,D,BELLANOVA,Atalanta,1,0,0,0,0,0,6.0,6.0,0.0,0.0,0.0,0.0,0.0,0.0,0.0,0.0,0.0
4888,D,SUTALO,Atalanta,7,0,0,0,1,0,5.62,5.5,0.0,0.0,0.0,0.0,0.0,0.0,0.0,0.0,0.0
4889,P,CHIRONI,Lecce,0,0,0,0,0,0,0.0,0.0,0.0,0.0,0.0,0.0,0.0,0.0,0.0,0.0,0.0
4890,C,TAMEZE,Atalanta,7,0,0,0,0,0,6.0,6.0,0.0,0.0,0.0,0.0,0.0,0.0,0.0,0.0,0.0
4891,D,SOUMAORO,Genoa,8,1,0,0,2,0,5.75,6.0,0.0,0.0,0.0,0.0,0.0,0.0,0.0,0.0,0.0
4892,C,SAELEMAEKERS,Milan,13,1,0,0,2,1,5.96,6.04,0.0,0.0,0.0,0.0,0.0,0.0,0.0,0.0,0.0
4894,A,HARASLIN,Sassuolo,11,1,0,1,1,0,6.05,6.4,0.0,0.0,0.0,0.0,0.0,0.0,0.0,0.0,0.0
4895,D,YOSHIDA,Sampdoria,14,0,0,1,1,0,5.89,5.93,0.0,0.0,0.0,0.0,0.0,0.0,0.0,0.0,0.0
4896,C,MALDINI,Milan,2,0,0,0,0,0,6.0,6.0,0.0,0.0,0.0,0.0,0.0,0.0,0.0,0.0,0.0
4897,D,PIROLA,Inter,1,0,0,0,0,0,0.0,0.0,0.0,0.0,0.0,0.0,0.0,0.0,0.0,0.0,0.0
4899,D,SINGO,Torino,4,1,0,0,0,0,6.33,7.33,0.0,0.0,0.0,0.0,0.0,0.0,0.0,0.0,0.0
4900,C,PALACIOS,Atalanta,0,0,0,0,0,0,0.0,0.0,0.0,0.0,0.0,0.0,0.0,0.0,0.0,0.0,0.0
4917,D,PRODL,Udinese,0,0,0,0,0,0,0.0,0.0,0.0,0.0,0.0,0.0,0.0,0.0,0.0,0.0,0.0
4919,C,BALDURSSON,Bologna,7,0,0,0,0,0,5.83,5.83,0.0,0.0,0.0,0.0,0.0,0.0,0.0,0.0,0.0
4920,D,PAPETTI,Brescia,11,1,0,0,5,0,5.55,5.59,0.0,0.0,0.0,0.0,0.0,0.0,0.0,0.0,0.0
4921,C,ASKILDSEN,Sampdoria,4,1,0,0,0,1,6.0,6.67,0.0,0.0,0.0,0.0,0.0,0.0,0.0,0.0,0.0
4923,A,COLOMBO,Milan,1,0,0,0,0,0,0.0,0.0,0.0,0.0,0.0,0.0,0.0,0.0,0.0,0.0,0.0
4925,D,CARBONI,Cagliari,7,0,0,0,2,2,5.25,4.75,0.0,0.0,0.0,0.0,0.0,0.0,0.0,0.0,0.0
4926,C,MURATORE,Juventus,4,0,0,0,0,0,5.67,5.67,0.0,0.0,0.0,0.0,0.0,0.0,0.0,0.0,0.0
4927,C,GHEZZI,Brescia,5,0,0,0,0,0,6.0,6.0,0.0,0.0,0.0,0.0,0.0,0.0,0.0,0.0,0.0
4928,A,OLIVIERI,Juventus,3,0,0,0,0,0,6.0,6.0,0.0,0.0,0.0,0.0,0.0,0.0,0.0,0.0,0.0
4929,P,CIOCCI,Cagliari,0,0,0,0,0,0,0.0,0.0,0.0,0.0,0.0,0.0,0.0,0.0,0.0,0.0,0.0
4930,C,GHION,Sassuolo,3,0,0,0,0,0,5.75,5.75,0.0,0.0,0.0,0.0,0.0,0.0,0.0,0.0,0.0
4931,A,D'AMICO,Sampdoria,2,0,0,0,0,0,0.0,0.0,0.0,0.0,0.0,0.0,0.0,0.0,0.0,0.0,0.0
4932,C,BALLARINI,Udinese,1,0,0,0,0,0,0.0,0.0,0.0,0.0,0.0,0.0,0.0,0.0,0.0,0.0,0.0
4933,C,RUFFO LUCI,Bologna,1,0,0,0,0,0,0.0,0.0,0.0,0.0,0.0,0.0,0.0,0.0,0.0,0.0,0.0
4934,D,LOVATO,Verona,1,0,0,0,0,0,0.0,0.0,0.0,0.0,0.0,0.0,0.0,0.0,0.0,0.0,0.0
4935,C,LADINETTI,Cagliari,2,0,0,0,0,0,6.25,6.25,0.0,0.0,0.0,0.0,0.0,0.0,0.0,0.0,0.0
4936,A,MANZARI,Sassuolo,3,0,0,0,0,0,0.0,0.0,0.0,0.0,0.0,0.0,0.0,0.0,0.0,0.0,0.0
4937,D,FALBO,Lazio,1,0,0,0,0,0,0.0,0.0,0.0,0.0,0.0,0.0,0.0,0.0,0.0,0.0,0.0
4938,A,MORO,Lazio,1,0,0,0,0,0,0.0,0.0,0.0,0.0,0.0,0.0,0.0,0.0,0.0,0.0,0.0
4939,A,CUELLAR,SPAL,2,0,0,0,0,0,5.0,5.0,0.0,0.0,0.0,0.0,0.0,0.0,0.0,0.0,0.0
4940,A,GAGLIANO,Cagliari,2,1,0,1,0,0,7.5,11.5,0.0,0.0,0.0,0.0,0.0,0.0,0.0,0.0,0.0
4941,C,MARIGOSU,Cagliari,1,0,0,0,0,0,0.0,0.0,0.0,0.0,0.0,0.0,0.0,0.0,0.0,0.0,0.0
4942,D,ISKRA,SPAL,2,0,0,0,0,0,5.5,5.5,0.0,0.0,0.0,0.0,0.0,0.0,0.0,0.0,0.0
4943,C,HORVATH,SPAL,3,0,0,0,0,0,6.0,6.0,0.0,0.0,0.0,0.0,0.0,0.0,0.0,0.0,0.0
4944,D,BONINI,Bologna,1,0,0,0,0,0,0.0,0.0,0.0,0.0,0.0,0.0,0.0,0.0,0.0,0.0,0.0
4945,D,CALAFIORI,Roma,1,0,0,0,0,0,6.5,6.5,0.0,0.0,0.0,0.0,0.0,0.0,0.0,0.0,0.0
4946,D,FRABOTTA,Juventus,1,0,0,0,0,0,6.0,6.0,0.0,0.0,0.0,0.0,0.0,0.0,0.0,0.0,0.0
4947,C,BRESCIANINI,Milan,1,0,0,0,0,0,6.0,6.0,0.0,0.0,0.0,0.0,0.0,0.0,0.0,0.0,0.0
4948,A,VRIONI,Juventus,1,0,0,0,0,0,0.0,0.0,0.0,0.0,0.0,0.0,0.0,0.0,0.0,0.0,0.0
4949,C,DA RIVA,Atalanta,1,0,0,0,0,0,0.0,0.0,0.0,0.0,0.0,0.0,0.0,0.0,0.0,0.0,0.0
4950,D,DALLE MURA,Fiorentina,1,0,0,0,0,0,0.0,0.0,0.0,0.0,0.0,0.0,0.0,0.0,0.0,0.0,0.0
4951,D,PICCININI,Sassuolo,1,0,0,0,0,0,0.0,0.0,0.0,0.0,0.0,0.0,0.0,0.0,0.0,0.0,0.0
4952,D,MONTERISI,Lecce,1,0,0,0,0,0,0.0,0.0,0.0,0.0,0.0,0.0,0.0,0.0,0.0,0.0,0.0
4953,C,PALUMBO,Udinese,1,0,0,0,0,0,0.0,0.0,0.0,0.0,0.0,0.0,0.0,0.0,0.0,0.0,0.0
4954,D,CELESIA,Torino,1,0,0,0,0,0,0.0,0.0,0.0,0.0,0.0,0.0,0.0,0.0,0.0,0.0,0.0
