4,P,SPORTIELLO,Frosinone,35,"6,11","4,21",0,64,0,0,0,0,0,5,0,0
11,D,CONTI,Milan,9,"5,78","5,83",0,0,0,0,0,0,2,3,0,0
15,D,MASIELLO,Atalanta,23,"5,83","5,67",0,0,0,0,0,0,1,5,0,1
20,C,CIGARINI,Cagliari,23,"5,87","5,72",0,0,0,0,0,0,1,9,0,0
21,C,D'ALESSANDRO,Udinese,20,"5,95","5,92",0,0,0,0,0,0,1,3,0,0
22,C,"DE ROON",Atalanta,34,"6,01","6,1",1,0,0,1,1,0,1,8,0,0
26,A,GOMEZ,Atalanta,35,"6,21","7,03",7,0,0,0,0,0,10,5,0,0
27,C,GRASSI,Parma,6,"5,83","5,83",0,0,0,0,0,0,0,0,0,0
28,C,KURTIC,SPAL,30,"6,13","6,75",6,0,0,0,0,0,5,9,0,0
40,P,"DA COSTA",Bologna,0,0,0,0,0,0,0,0,0,0,0,0,0
41,P,MIRANTE,Roma,11,"6,55","6,27",0,6,1,0,0,0,0,0,0,0
45,D,"FERRARI A.",Sampdoria,6,"5,67","5,5",0,0,0,0,0,0,0,2,0,0
48,D,MAIETTA,Empoli,21,"5,62","5,5",0,0,0,0,0,0,0,5,0,0
50,D,MBAYE,Bologna,23,"5,8","5,96",2,0,0,0,0,0,0,5,0,0
54,D,ROSSETTINI,Chievo,21,"5,55","5,43",0,0,0,0,0,0,0,5,0,0
56,C,BRIGHI,Empoli,6,6,"6,42",1,0,0,0,0,0,0,1,0,0
57,C,CRISETIG,Frosinone,7,"5,5","5,29",0,0,0,0,0,0,0,3,0,0
58,C,DIAWARA,Napoli,11,"5,82","5,64",0,0,0,0,0,0,0,4,0,0
60,C,RIZZO,Bologna,0,0,0,0,0,0,0,0,0,0,0,0,0
73,D,GAGLIOLO,Parma,34,"5,87","5,68",0,0,0,0,0,0,1,7,0,2
76,D,"ROMAGNOLI S.",Empoli,0,0,0,0,0,0,0,0,0,0,0,0,0
78,D,SPOLLI,Genoa,7,"5,43",5,0,0,0,0,0,0,0,2,0,1
81,C,"DI GAUDIO",Parma,11,"5,64","5,64",0,0,0,0,0,0,0,0,0,0
83,C,LOLLO,Empoli,0,0,0,0,0,0,0,0,0,0,0,0,0
90,A,LASAGNA,Udinese,34,"5,69","6,13",6,0,0,1,0,1,1,2,0,0
97,P,SECULIN,Chievo,2,"5,75","2,25",0,7,0,0,0,0,0,0,0,0
99,D,CACCIATORE,Cagliari,14,"5,86","5,89",0,0,0,0,0,0,2,3,0,0
100,D,CESAR,Chievo,13,"5,42","5,54",1,0,0,0,0,0,0,3,0,0
103,D,FREY,Chievo,3,"5,67","5,67",0,0,0,0,0,0,0,0,0,0
105,D,GOBBI,Parma,15,"5,43","5,4",0,0,0,0,0,0,1,3,0,0
106,D,MATTIELLO,Bologna,16,"5,72","5,84",1,0,0,0,0,0,1,2,1,0
111,C,BIRSA,Cagliari,26,"5,88","6,17",1,0,0,1,1,0,2,1,0,0
112,C,CASTRO,Cagliari,12,"6,12","6,58",1,0,0,0,0,0,3,1,0,0
115,C,HETEMAJ,Chievo,28,"5,7","5,75",2,0,0,0,0,0,0,9,0,0
118,C,RADOVANOVIC,Genoa,35,"5,66","5,53",0,0,0,0,0,0,0,9,0,0
119,C,"RIGONI N",Chievo,24,"5,54","5,38",0,0,0,0,0,0,1,8,1,0
123,A,INGLESE,Parma,25,"6,14","7,24",7,0,0,2,2,0,2,3,0,0
124,A,MEGGIORINI,Chievo,24,"5,54","5,79",2,0,0,1,1,0,0,6,0,0
126,A,PALOSCHI,SPAL,17,"5,74",6,2,0,0,0,0,0,0,3,0,0
127,A,PELLISSIER,Chievo,14,"6,18","6,86",3,0,0,2,1,1,1,1,0,0
133,P,SKORUPSKI,Bologna,38,"6,11","4,62",0,56,0,0,0,0,0,1,0,0
134,D,BARBA,Chievo,30,"5,6","5,45",0,0,0,0,0,0,0,5,2,0
140,D,HYSAJ,Napoli,25,"5,76","5,76",0,0,0,0,0,0,2,4,0,0
141,D,LAURINI,Fiorentina,13,"5,81","5,65",0,0,0,0,0,0,0,4,0,0
142,D,"MARIO RUI",Napoli,19,"5,82","5,87",1,0,0,0,0,0,1,4,1,0
144,D,TONELLI,Sampdoria,19,"5,84","5,74",1,0,0,0,0,0,0,6,0,1
147,C,DIOUSSE',Chievo,14,"5,79","5,61",0,0,0,0,0,0,0,5,0,0
148,C,KRUNIC,Empoli,33,6,"6,5",5,0,0,0,0,0,6,7,1,0
150,C,SAPONARA,Sampdoria,21,"6,12","6,52",2,0,0,0,0,0,4,3,0,0
152,C,ZIELINSKI,Napoli,36,"6,15","6,62",6,0,0,0,0,0,2,6,0,0
154,A,MCHEDLIDZE,Empoli,7,"5,71","5,79",0,0,0,0,0,0,1,1,0,0
156,A,PUCCIARELLI,Chievo,8,"5,38","5,31",0,0,0,0,0,0,0,1,0,0
159,P,SEPE,Parma,37,"6,09","4,43",0,59,0,0,0,0,0,1,0,1
166,D,PASQUAL,Empoli,20,"5,82","6,02",0,0,0,1,1,0,2,2,0,0
169,D,TOMOVIC,Chievo,10,"5,6","5,85",1,0,0,0,0,0,0,1,0,0
170,C,BADELJ,Lazio,22,"5,82","5,73",1,0,0,0,0,0,0,6,0,1
172,C,"BORJA VALERO",Inter,23,"5,91","5,85",0,0,0,0,0,0,0,4,0,0
173,C,CAPEZZI,Empoli,10,"5,65","5,3",0,0,0,0,0,0,0,3,0,1
174,C,DIAKHATE,Parma,0,0,0,0,0,0,0,0,0,0,0,0,0
177,C,ILICIC,Atalanta,31,"6,39","7,55",12,0,0,1,0,1,6,4,1,0
181,C,VECINO,Inter,27,"5,85","6,07",3,0,0,0,0,0,1,8,0,0
183,A,BABACAR,Sassuolo,26,"5,87","6,75",5,0,0,2,2,0,2,0,0,0
184,C,BERNARDESCHI,Juventus,25,"6,04","6,26",2,0,0,0,0,0,3,5,1,0
194,D,"CIOFANI M",Frosinone,0,0,0,0,0,0,0,0,0,0,0,0,0
202,C,CHIBSAH,Frosinone,31,"5,94","5,95",1,0,0,0,0,0,0,5,0,0
205,C,GORI,Frosinone,7,"5,93","5,71",0,0,0,0,0,0,0,3,0,0
207,C,PAGANINI,Frosinone,13,"5,85","6,23",2,0,0,0,0,0,0,2,0,0
209,C,SAMMARCO,Frosinone,8,"5,75","6,06",1,0,0,0,0,0,0,1,0,0
210,C,SODDIMO,Frosinone,8,"5,81","5,81",0,0,0,0,0,0,1,2,0,0
212,A,"CIOFANI D",Frosinone,28,"5,86","6,45",3,0,0,2,2,0,2,1,0,0
213,A,"DIONISI F.",Frosinone,6,"5,75","6,08",1,0,0,0,0,0,0,2,0,0
215,A,VERDE,Roma,0,0,0,0,0,0,0,0,0,0,0,0,0
216,P,"DONNARUMMA AN.",Milan,0,0,0,0,0,0,0,0,0,0,0,0,0
218,P,PERIN,Juventus,9,"5,89","4,94",0,8,0,0,0,0,0,1,0,0
224,D,"DE MAIO",Udinese,22,"5,86","5,89",1,0,0,0,0,0,0,3,1,0
226,D,IZZO,Torino,37,"6,23","6,5",4,0,0,0,0,0,1,6,0,0
234,C,KUCKA,Parma,18,"5,94","6,56",3,0,0,1,1,0,2,4,1,0
235,C,LAXALT,Milan,13,"5,77","5,69",0,0,0,0,0,0,0,2,0,0
236,C,LAZOVIC,Genoa,33,"5,95","6,32",3,0,0,0,0,0,4,2,0,0
237,C,PEROTTI,Roma,13,6,"7,04",2,0,0,3,3,0,0,3,0,0
238,C,RINCON,Torino,33,"6,12","6,17",3,0,0,0,0,0,0,15,0,0
244,D,GHIGLIONE,Frosinone,9,"5,83","5,94",1,0,0,0,0,0,0,4,0,0
245,A,PANDEV,Genoa,21,"6,05","6,6",4,0,0,0,0,0,2,6,0,0
247,A,PAVOLETTI,Cagliari,32,"6,09","7,53",16,0,0,0,0,0,1,6,0,0
248,P,BERNI,Inter,0,0,0,0,0,0,0,0,0,0,0,0,0
250,P,HANDANOVIC,Inter,38,"6,18","5,32",0,33,0,0,0,0,0,0,0,0
251,D,ANDREOLLI,Chievo,10,"5,4","5,25",0,0,0,0,0,0,0,3,0,0
252,D,BIRAGHI,Fiorentina,36,"5,89",6,1,0,0,0,0,0,5,8,0,0
253,D,D'AMBROSIO,Inter,29,"5,95","6,19",2,0,0,0,0,0,4,6,0,0
254,D,DIMARCO,Parma,11,"6,14","6,23",1,0,0,0,0,0,0,4,0,0
256,D,"JUAN JESUS",Roma,18,"5,78","5,72",1,0,0,0,0,0,0,4,0,1
257,D,MIRANDA,Inter,14,"5,82","5,71",0,0,0,0,0,0,0,3,0,0
261,D,RANOCCHIA,Inter,2,6,"5,75",0,0,0,0,0,0,0,1,0,0
262,D,SANTON,Roma,13,"5,69","5,77",0,0,0,0,0,0,1,0,0,0
264,C,BESSA,Genoa,32,"5,84","5,88",1,0,0,0,0,0,2,8,0,0
265,C,BROZOVIC,Inter,32,"5,91","5,94",2,0,0,0,0,0,1,10,1,0
273,D,SCHELOTTO,Chievo,4,6,6,0,0,0,0,0,0,0,0,0,0
276,C,BIABIANY,Parma,17,"5,62","5,5",0,0,0,0,0,0,0,4,0,0
277,A,ICARDI,Inter,29,"5,88","7,05",6,0,0,6,5,1,4,0,0,0
280,A,PALACIO,Bologna,28,"6,3","6,73",3,0,0,0,0,0,6,6,0,0
285,D,BARZAGLI,Juventus,4,6,6,0,0,0,0,0,0,0,0,0,0
286,D,BONUCCI,Juventus,29,"6,02","6,29",3,0,0,0,0,0,0,2,0,0
287,D,CACERES,Juventus,12,"5,79","5,75",0,0,0,0,0,0,0,1,0,0
288,D,CHIELLINI,Juventus,23,"6,35","6,46",1,0,0,0,0,0,1,3,0,0
294,D,RUGANI,Juventus,15,"5,93","6,23",2,0,0,0,0,0,0,3,0,0
295,D,ASAMOAH,Inter,32,"6,02","5,95",0,0,0,0,0,0,1,6,0,0
299,C,KHEDIRA,Juventus,10,"6,1","6,7",2,0,0,0,0,0,0,0,0,0
300,C,MARCHISIO,Juventus,0,0,0,0,0,0,0,0,0,0,0,0,0
301,C,PADOIN,Cagliari,28,"5,73","5,73",0,0,0,0,0,0,1,2,0,0
305,C,STURARO,Genoa,5,"5,7","6,1",1,0,0,0,0,0,0,0,1,0
306,A,CERRI,Cagliari,14,"5,61","5,5",0,0,0,0,0,0,0,3,0,0
309,A,DYBALA,Juventus,27,"5,94","6,56",4,0,0,1,1,0,2,2,0,0
312,A,MANDZUKIC,Juventus,25,"6,36","7,6",9,0,0,0,0,0,6,4,0,0
315,A,ZAZA,Torino,26,"5,69","6,08",4,0,0,0,0,0,3,8,1,0
316,P,BERISHA,Atalanta,18,"5,97","4,56",0,25,0,0,0,0,0,1,0,0
317,P,GUERRIERI,Lazio,1,"5,5","2,5",0,3,0,0,0,0,0,0,0,0
318,P,MARCHETTI,Genoa,4,"5,75","3,12",0,10,0,0,0,0,0,1,0,0
319,D,BASTA,Lazio,0,0,0,0,0,0,0,0,0,0,0,0,0
322,D,"DE VRIJ",Inter,28,"6,07","6,18",2,0,0,0,0,0,0,2,0,1
327,D,PATRIC,Lazio,14,"5,75","5,71",0,0,0,0,0,0,0,1,0,0
329,D,RADU,Lazio,28,"5,8","5,75",0,0,0,0,0,0,1,5,0,0
331,C,BIGLIA,Milan,15,"5,93","6,03",1,0,0,0,0,0,0,3,0,0
332,C,CANDREVA,Inter,11,6,"6,27",1,0,0,0,0,0,0,0,0,0
333,C,CATALDI,Lazio,11,"6,09","6,64",2,0,0,0,0,0,1,2,0,0
338,C,LULIC,Lazio,35,"5,9","6,2",4,0,0,0,0,0,1,5,0,0
342,C,PAROLO,Lazio,32,"6,17","6,55",4,0,0,0,0,0,3,7,0,0
344,A,DJORDJEVIC,Chievo,12,"5,42","5,62",1,0,0,0,0,0,0,1,0,0
345,A,"KEITA B.",Inter,21,"6,02","6,76",5,0,0,0,0,0,2,1,1,0
350,P,"DONNARUMMA G.",Milan,35,"6,33","5,47",0,31,1,0,0,0,0,4,0,0
353,D,ABATE,Milan,18,"6,06","5,94",0,0,0,0,0,0,0,4,0,0
356,D,ANTONELLI,Empoli,12,"5,83","5,88",0,0,0,0,0,0,1,1,0,0
357,D,CALABRIA,Milan,25,"5,9","5,96",1,0,0,0,0,0,1,5,0,0
358,D,"DE SCIGLIO",Juventus,20,"6,02","6,02",0,0,0,0,0,0,1,2,0,0
362,D,"SIMIC S",Frosinone,0,0,0,0,0,0,0,0,0,0,0,0,0
363,D,VERGARA,Cagliari,0,0,0,0,0,0,0,0,0,0,0,0,0
365,D,"ZAPATA C.",Milan,12,"6,08","5,92",0,0,0,0,0,0,0,4,0,0
366,C,BERTOLACCI,Milan,0,0,0,0,0,0,0,0,0,0,0,0,0
367,C,BONAVENTURA,Milan,8,"6,12","7,25",3,0,0,0,0,0,0,0,0,0
371,C,"MAURI J",Milan,4,"5,62","5,62",0,0,0,0,0,0,0,0,0,0
372,C,MONTOLIVO,Milan,0,0,0,0,0,0,0,0,0,0,0,0,0
374,C,POLI,Bologna,28,"6,11","6,48",4,0,0,0,0,0,1,5,0,0
375,A,SUSO,Milan,35,"6,16","6,87",7,0,0,0,0,0,9,8,1,0
376,C,VERDI,Napoli,18,"5,86","6,53",2,0,0,1,1,0,3,0,0,0
380,A,MATRI,Sassuolo,15,"5,7","6,03",2,0,0,0,0,0,0,3,0,0
382,A,NIANG,Torino,0,0,0,0,0,0,0,0,0,0,0,0,0
383,A,PETAGNA,SPAL,36,"6,1","7,32",10,0,0,6,6,0,0,8,0,0
385,P,GABRIEL,Milan,0,0,0,0,0,0,0,0,0,0,0,0,0
386,P,"RAFAEL CABRAL",Sampdoria,2,6,6,0,0,0,0,0,0,0,0,0,0
387,P,REINA,Milan,4,"6,38","5,12",0,5,0,0,0,0,0,0,0,0
388,D,ALBIOL,Napoli,19,"5,79","5,84",1,0,0,0,0,0,0,4,0,0
390,D,GHOULAM,Napoli,15,6,"6,33",1,0,0,0,0,0,3,2,0,0
392,D,KOULIBALY,Napoli,35,"6,27","6,31",2,0,0,0,0,0,1,9,1,0
393,D,LUPERTO,Napoli,10,"5,65","5,65",0,0,0,0,0,0,0,0,0,0
395,D,STRINIC,Milan,0,0,0,0,0,0,0,0,0,0,0,0,0
397,C,ALLAN,Napoli,33,"6,18","6,18",1,0,0,0,0,0,2,10,0,0
400,C,DEZI,Parma,1,6,6,0,0,0,0,0,0,0,0,0,0
402,C,HAMSIK,Napoli,13,"5,85","5,81",0,0,0,0,0,0,0,1,0,0
405,C,VALDIFIORI,SPAL,13,"5,88","5,85",0,0,0,0,0,0,1,3,0,0
406,A,CALLEJON,Napoli,33,"6,15","6,71",3,0,0,0,0,0,10,1,0,0
407,A,GABBIADINI,Sampdoria,16,6,"6,66",4,0,0,0,0,0,1,5,0,0
408,A,HIGUAIN,Milan,15,6,"6,93",6,0,0,1,0,1,1,2,1,0
409,A,INSIGNE,Napoli,28,"6,07","7,07",9,0,0,2,1,1,5,6,1,0
410,A,MERTENS,Napoli,35,"6,31","7,96",15,0,0,1,1,0,10,1,0,0
413,P,SORRENTINO,Chievo,31,"6,29","4,52",0,60,2,0,0,0,0,2,0,0
418,D,GOLDANIGA,Frosinone,29,"5,57","5,6",1,0,0,0,0,0,1,6,0,0
419,D,"GONZALEZ G",Bologna,11,"5,73","5,73",0,0,0,0,0,0,1,2,0,0
433,C,HILJEMARK,Genoa,15,"5,7","5,9",1,0,0,0,0,0,0,0,0,0
438,C,"RIGONI L",Parma,22,"5,66","5,82",2,0,0,0,0,0,0,5,0,0
441,A,BELOTTI,Torino,37,"6,19","7,28",10,0,0,6,5,1,1,5,0,0
447,A,"LA GUMINA",Empoli,17,"5,76","6,21",2,0,0,0,0,0,2,1,0,0
453,P,SZCZESNY,Juventus,28,"6,14","5,54",0,20,1,0,0,0,0,0,0,0
459,D,MANOLAS,Roma,27,"6,06","6,06",1,0,0,0,0,0,0,6,0,0
460,D,ROMAGNOLI,Milan,32,"6,27","6,28",2,0,0,0,0,0,0,5,1,1
463,C,"DE ROSSI",Roma,18,"6,19","6,33",1,0,0,0,0,0,1,3,0,0
464,D,FLORENZI,Roma,29,"6,03","6,31",3,0,0,0,0,0,2,4,1,0
467,C,NAINGGOLAN,Inter,28,"6,21","6,91",6,0,0,0,0,0,3,3,0,0
469,C,PJANIC,Juventus,30,"6,12","6,37",2,0,0,0,0,0,5,5,1,0
470,C,STROOTMAN,Roma,1,"5,5","5,5",0,0,0,0,0,0,0,0,0,0
471,C,UCAN,Empoli,7,6,"6,5",1,0,0,0,0,0,1,1,0,0
472,A,DESTRO,Bologna,9,"6,28","7,56",4,0,0,0,0,0,1,3,0,0
474,A,GERVINHO,Parma,29,"6,09","7,24",11,0,0,0,0,0,2,3,0,0
475,A,"IAGO FALQUE",Torino,25,"6,22","7,08",6,0,0,0,0,0,4,1,0,0
478,A,LJAJIC,Torino,1,6,6,0,0,0,0,0,0,0,0,0,0
479,A,SANABRIA,Genoa,14,"5,79","6,18",3,0,0,1,0,1,0,1,0,0
484,P,VIVIANO,SPAL,17,"6,29","4,82",0,25,0,0,0,0,0,0,0,0
487,D,"DE SILVESTRI",Torino,31,6,"6,29",2,0,0,0,0,0,4,2,0,0
490,D,REGINI,SPAL,3,6,6,0,0,0,0,0,0,0,0,0,0
491,D,SALAMON,Frosinone,20,"5,82","5,75",0,0,0,0,0,0,0,3,0,0
492,D,SILVESTRE,Empoli,34,"5,84","5,87",2,0,0,0,0,0,0,6,0,1
493,D,ZUKANOVIC,Genoa,24,"5,69","5,58",0,0,0,0,0,0,0,5,0,0
494,C,BARRETO,Sampdoria,11,"6,05","6,14",0,0,0,0,0,0,2,2,0,0
495,C,CORREA,Lazio,34,"6,26","6,78",5,0,0,0,0,0,5,5,0,0
507,A,MURIEL,Fiorentina,19,6,"6,92",6,0,0,0,0,0,0,1,0,0
509,P,CONSIGLI,Sassuolo,36,"6,25","4,89",0,56,3,0,0,0,0,2,1,0
510,P,PEGOLO,Sassuolo,3,6,"4,5",0,4,0,0,0,0,0,1,0,0
513,D,ACERBI,Lazio,37,"6,14","6,31",3,0,0,0,0,0,0,3,1,0
515,D,ARIAUDO,Frosinone,19,"5,76","5,61",0,0,0,0,0,0,0,2,0,1
517,D,DELL'ORCO,Empoli,14,"5,89","6,14",1,0,0,0,0,0,1,1,0,0
519,D,GAZZOLA,Parma,16,"5,81","5,91",1,0,0,0,0,0,0,3,0,0
521,D,PELUSO,Sassuolo,16,"5,62","5,66",1,0,0,0,0,0,0,5,0,0
522,D,TERRANOVA,Frosinone,0,0,0,0,0,0,0,0,0,0,0,0,0
523,D,VRSALJKO,Inter,9,"6,06","6,17",0,0,0,0,0,0,2,2,0,0
526,C,DUNCAN,Sassuolo,24,"6,1","6,6",4,0,0,0,0,0,4,6,1,0
528,C,MAGNANELLI,Sassuolo,23,"5,87","5,76",0,0,0,0,0,0,0,3,1,0
529,C,MISSIROLI,SPAL,34,"5,87","5,74",0,0,0,0,0,0,0,9,0,0
530,C,"PELLEGRINI LO.",Roma,25,"6,18","6,46",2,0,0,0,0,0,4,6,0,0
531,A,BERARDI,Sassuolo,35,"6,1","6,77",7,0,0,1,1,0,3,5,1,0
532,A,FALCINELLI,Bologna,11,"5,45","5,55",0,0,0,0,0,0,1,0,0,0
533,A,FLOCCARI,SPAL,15,"6,07","6,67",3,0,0,0,0,0,1,3,0,0
536,A,POLITANO,Inter,36,"6,04","6,51",5,0,0,0,0,0,5,4,1,0
537,A,SANSONE,Bologna,14,6,"6,54",2,0,0,0,0,0,4,3,1,0
540,P,"GOMIS A",SPAL,20,"6,05","4,7",0,27,0,0,0,0,0,0,0,0
542,P,ICHAZO,Torino,3,"5,67",5,0,2,0,0,0,0,0,0,0,0
543,P,PADELLI,Inter,0,0,0,0,0,0,0,0,0,0,0,0,0
550,D,MAKSIMOVIC,Napoli,17,"5,88","5,76",0,0,0,0,0,0,0,4,0,0
551,D,MOLINARO,Frosinone,14,"5,61","5,54",0,0,0,0,0,0,0,2,0,0
552,D,MORETTI,Torino,23,"5,96","5,85",0,0,0,0,0,0,0,5,0,0
555,C,ACQUAH,Empoli,22,"5,91","6,09",2,0,0,0,0,0,0,4,0,0
556,C,BASELLI,Torino,34,"6,07","6,38",4,0,0,0,0,0,1,5,0,0
557,C,BENASSI,Fiorentina,32,"5,89","6,44",7,0,0,0,0,0,0,5,1,0
560,C,OBI,Chievo,10,"5,75",6,1,0,0,0,0,0,0,1,0,0
568,A,QUAGLIARELLA,Sampdoria,37,"6,43","8,64",17,0,0,10,9,1,7,1,0,0
570,P,KARNEZIS,Napoli,9,"6,11","5,33",0,7,0,0,0,0,0,0,0,0
572,P,MERET,Napoli,14,"6,18","5,46",0,9,0,0,0,0,0,0,1,0
574,P,SCUFFET,Udinese,9,"6,11","4,67",0,13,0,0,0,0,0,0,0,0
575,D,ADNAN,Atalanta,3,"5,83","5,83",0,0,0,0,0,0,0,0,0,0
578,D,"DANILO LAR.",Bologna,35,"6,01","6,04",1,0,0,0,0,0,0,4,0,0
583,D,HEURTAUX,Udinese,0,0,0,0,0,0,0,0,0,0,0,0,0
587,D,WAGUE,Udinese,1,5,5,0,0,0,0,0,0,0,0,0,0
589,C,BADU,Udinese,3,6,6,0,0,0,0,0,0,0,0,0,0
599,C,PONTISSO,Udinese,0,0,0,0,0,0,0,0,0,0,0,0,0
600,C,VERRE,Sampdoria,0,0,0,0,0,0,0,0,0,0,0,0,0
605,A,PERICA,Frosinone,7,"5,07","4,86",0,0,0,0,0,0,0,3,0,0
606,A,THEREAU,Cagliari,4,"5,75","5,75",0,0,0,0,0,0,0,1,0,0
608,A,"ZAPATA D.",Atalanta,37,"6,45","8,35",22,0,0,2,1,1,7,5,0,0
610,P,GOLLINI,Atalanta,20,"6,22","5,15",0,21,0,0,0,0,0,1,0,0
611,P,RAFAEL,Cagliari,0,0,0,0,0,0,0,0,0,0,0,0,0
615,D,HELANDER,Bologna,19,"5,74","5,58",0,0,0,0,0,0,0,6,0,0
621,C,ROMULO,Lazio,27,"6,04","6,17",0,0,0,1,1,0,2,1,1,0
626,C,HALLFREDSSON,Udinese,8,"5,5","5,75",1,0,0,0,0,0,0,2,0,0
627,C,IONITA,Cagliari,37,"5,76","5,97",3,0,0,0,0,0,2,4,1,0
630,D,SALA,Sampdoria,19,"5,87","5,79",0,0,0,0,0,0,1,5,0,0
631,C,VIVIANI,Frosinone,5,"5,4","5,3",0,0,0,0,0,0,0,1,0,0
633,C,FARES,SPAL,35,"5,86","5,97",3,0,0,0,0,0,1,12,0,0
637,A,SILIGARDI,Parma,27,6,"6,15",1,0,0,0,0,0,2,2,0,0
640,D,CHIRICHES,Napoli,2,"6,25","6,25",0,0,0,0,0,0,0,0,0,0
643,A,DEFREL,Sampdoria,35,"5,97","6,94",11,0,0,0,0,0,2,2,0,0
644,C,PULGAR,Bologna,28,"5,96","6,46",1,0,0,5,5,0,2,6,1,1
645,C,MILINKOVIC-SAVIC,Lazio,31,"5,87","6,31",5,0,0,0,0,0,3,7,1,0
647,A,DZEKO,Roma,33,6,"6,83",9,0,0,0,0,0,5,9,0,0
651,C,MAIELLO,Frosinone,27,"5,81","5,74",0,0,0,0,0,0,0,4,0,0
652,A,KALINIC,Milan,0,0,0,0,0,0,0,0,0,0,0,0,0
661,C,INIGUEZ,Udinese,0,0,0,0,0,0,0,0,0,0,0,0,0
662,D,"ALEX SANDRO",Juventus,29,"6,05","6,14",1,0,0,0,0,0,3,7,0,0
663,D,KRAFTH,Bologna,0,0,0,0,0,0,0,0,0,0,0,0,0
666,C,MACHIN,Parma,2,"5,75","6,25",0,0,0,0,0,0,1,0,0,0
669,C,DONSAH,Bologna,4,"5,75","5,75",0,0,0,0,0,0,0,0,0,0
673,P,PERISAN,Udinese,0,0,0,0,0,0,0,0,0,0,0,0,0
695,D,TOLOI,Atalanta,21,"6,07","6,19",1,0,0,0,0,0,3,1,1,1
697,C,CUADRADO,Juventus,16,"5,78","5,97",1,0,0,0,0,0,2,4,0,0
702,C,GIACCHERINI,Chievo,26,"5,83","5,87",2,0,0,2,1,1,1,8,0,1
704,C,PERISIC,Inter,34,"6,03","6,72",6,0,0,2,2,0,4,5,0,1
706,D,ANSALDI,Torino,24,"6,38","6,77",3,0,0,0,0,0,2,3,0,0
708,D,FELIPE,SPAL,28,"5,84","5,96",3,0,0,0,0,0,1,13,0,0
713,C,DZEMAILI,Bologna,27,"5,8","5,87",1,0,0,0,0,0,1,4,0,0
718,A,"RODRIGUEZ A",Empoli,1,6,6,0,0,0,0,0,0,0,0,0,0
720,P,BELEC,Sampdoria,0,0,0,0,0,0,0,0,0,0,0,0,0
726,C,VITALE,SPAL,0,0,0,0,0,0,0,0,0,0,0,0,0
729,D,"PEREIRA P.",Genoa,20,"5,52","5,5",0,0,0,0,0,0,0,1,0,0
761,P,AUDERO,Sampdoria,36,"6,04","4,65",0,51,1,0,0,0,0,4,0,0
768,C,RANIERI,Atalanta,0,0,0,0,0,0,0,0,0,0,0,0,0
770,D,"PEZZELLA GIU.",Genoa,5,"5,2","4,9",0,0,0,0,0,0,0,1,1,0
771,C,BOATENG,Sassuolo,13,"6,35","7,31",2,0,0,2,2,0,1,1,0,0
778,A,TUMMINELLO,Atalanta,0,0,0,0,0,0,0,0,0,0,1,0,0
779,C,CRISTANTE,Roma,35,"5,87","6,13",4,0,0,0,0,0,2,10,0,0
780,D,CIONEK,SPAL,30,"5,77","5,58",0,0,0,0,0,0,2,12,2,0
785,A,IMMOBILE,Lazio,35,"6,04","7,41",11,0,0,4,4,0,6,6,0,0
787,D,DJIMSITI,Atalanta,22,"5,84","5,86",1,0,0,0,0,0,1,3,0,1
788,C,FREULER,Atalanta,35,"6,16","6,33",2,0,0,0,0,0,2,4,0,0
789,A,TROTTA,Frosinone,8,"5,44","5,44",0,0,0,0,0,0,0,0,0,0
790,D,SAMIR,Udinese,21,"5,88","6,05",2,0,0,0,0,0,1,7,0,0
795,A,"EL SHAARAWY",Roma,28,"6,18","7,43",11,0,0,0,0,0,3,2,0,0
798,D,SKRINIAR,Inter,35,"6,1","5,99",0,0,0,0,0,0,0,4,0,1
799,P,BARDI,Frosinone,3,6,"4,33",0,5,0,0,0,0,0,0,0,0
801,C,GAGLIARDINI,Inter,15,"6,1","6,97",5,0,0,0,0,0,0,4,0,0
813,C,BALIC,Udinese,0,0,0,0,0,0,0,0,0,0,0,0,0
817,D,"COSTA F",SPAL,8,"5,88","5,88",0,0,0,0,0,0,0,0,0,0
819,A,FAVILLI,Genoa,5,"5,7","5,9",0,0,0,0,0,0,1,0,0,0
824,D,ADJAPONG,Sassuolo,4,6,"6,62",1,0,0,0,0,0,0,1,0,0
827,C,LOCATELLI,Sassuolo,26,"5,94","6,21",2,0,0,0,0,0,4,7,0,0
1839,A,EDERA,Bologna,5,"5,5","5,4",0,0,0,0,0,0,0,1,0,0
1843,P,"RADU I.",Genoa,33,"6,3",5,0,46,1,0,0,0,0,0,0,0
1847,D,CALDARA,Milan,0,0,0,0,0,0,0,0,0,0,0,0,0
1850,C,KESSIE',Milan,34,"6,06","6,62",4,0,0,3,3,0,2,8,0,0
1852,D,SPINAZZOLA,Juventus,9,6,"6,11",0,0,0,0,0,0,1,0,0,0
1857,A,"DI FRANCESCO F.",Sassuolo,16,"5,84","6,28",2,0,0,0,0,0,2,2,0,0
1858,C,KREJCI,Bologna,16,"5,59","5,72",0,0,0,0,0,0,3,2,0,0
1859,C,NAGY,Bologna,13,"5,62","5,46",0,0,0,0,0,0,0,2,1,0
1864,D,"BRUNO ALVES",Parma,33,"6,03","6,21",4,0,0,0,0,0,1,8,1,1
1865,D,CAPUANO,Frosinone,27,"5,67","5,54",0,0,0,0,0,0,0,5,1,0
1866,D,CEPPITELLI,Cagliari,24,"5,92","5,81",1,0,0,0,0,0,1,5,2,1
1867,D,KRAJNC,Frosinone,9,"5,44","5,28",0,0,0,0,0,0,0,3,0,0
1868,D,MURRU,Sampdoria,34,"5,82","5,84",0,0,0,0,0,0,5,9,0,0
1869,D,PISACANE,Cagliari,26,"5,83","5,87",1,0,0,0,0,0,1,6,0,0
1870,C,BARELLA,Cagliari,35,"6,13","6,07",1,0,0,1,0,1,4,8,2,0
1871,C,DEIOLA,Cagliari,17,"5,74","5,65",0,0,0,0,0,0,1,5,0,0
1872,C,DESSENA,Cagliari,6,"5,67","5,42",0,0,0,0,0,0,0,3,0,0
1873,C,"DI GENNARO D",Lazio,0,0,0,0,0,0,0,0,0,0,0,0,0
1874,C,"JOAO PEDRO",Cagliari,34,"5,85","6,47",5,0,0,2,2,0,3,4,1,0
1875,C,MUNARI,Parma,0,0,0,0,0,0,0,0,0,0,0,0,0
1876,D,PAJAC,Empoli,13,6,"6,35",2,0,0,0,0,0,1,5,0,0
1879,A,FARIAS,Empoli,31,"6,02","6,76",7,0,0,0,0,0,4,4,0,0
1882,A,SAU,Sampdoria,14,"5,68","5,75",1,0,0,0,0,0,0,4,0,0
1891,D,CECCHERINI,Fiorentina,13,"5,77","5,65",0,0,0,0,0,0,0,3,0,0
1895,D,"FERRARI G.",Sassuolo,31,"5,97","6,21",4,0,0,0,0,0,0,9,0,0
1913,C,"MATHEUS PEREIRA",Juventus,2,6,6,0,0,0,0,0,0,0,0,0,0
1917,P,DRAGOWSKI,Empoli,17,"6,44","5,03",0,26,1,0,0,0,0,2,0,0
1918,D,DIKS,Empoli,0,0,0,0,0,0,0,0,0,0,0,0,0
1930,P,PINSOGLIO,Juventus,1,"5,5","3,5",0,2,0,0,0,0,0,0,0,0
1931,D,BENATIA,Juventus,5,"6,3","6,1",0,0,0,0,0,0,0,2,0,0
1933,C,MANDRAGORA,Udinese,34,"5,75","5,9",3,0,0,0,0,0,1,8,1,0
1934,P,STRAKOSHA,Lazio,35,"6,17","5,09",0,39,1,0,0,0,0,4,0,0
1936,C,MINALA,Lazio,0,0,0,0,0,0,0,0,0,0,0,0,0
1939,A,LAPADULA,Genoa,6,"5,67","6,08",1,0,0,0,0,0,0,1,0,0
1941,P,FULIGNATI,SPAL,0,0,0,0,0,0,0,0,0,0,0,0,0
1946,P,ARESTI,Cagliari,0,0,0,0,0,0,0,0,0,0,0,0,0
1952,D,ZAMPANO,Frosinone,26,"5,71","5,73",0,0,0,0,0,0,1,1,0,0
1958,A,CAPRARI,Sampdoria,21,6,"6,93",6,0,0,0,0,0,2,1,0,0
1967,C,GERSON,Fiorentina,35,"5,9","6,07",3,0,0,0,0,0,3,8,0,1
1970,P,TOZZO,Sampdoria,0,0,0,0,0,0,0,0,0,0,0,0,0
1974,A,SCHICK,Roma,21,"5,81","6,17",3,0,0,0,0,0,0,4,0,0
1976,C,MAZZITELLI,Genoa,9,"5,72","5,56",0,0,0,0,0,0,0,3,0,0
1978,C,SENSI,Sassuolo,28,"6,05","6,27",2,0,0,0,0,0,4,8,0,0
1982,A,PARIGINI,Torino,12,"5,75","5,67",0,0,0,0,0,0,0,2,0,0
1984,D,ANGELLA,Udinese,0,0,0,0,0,0,0,0,0,0,0,0,0
1986,C,FOFANA,Udinese,31,"5,94","6,15",2,0,0,0,0,0,3,5,0,0
1987,C,JANKTO,Sampdoria,17,"5,59","5,53",0,0,0,0,0,0,0,2,0,0
1988,A,EWANDRO,Udinese,0,0,0,0,0,0,0,0,0,0,0,0,0
1995,C,DJURICIC,Sassuolo,22,"5,82","6,07",2,0,0,0,0,0,1,1,1,0
1996,C,"DE PAUL",Udinese,36,"6,17","6,76",6,0,0,6,3,3,7,7,0,0
1998,A,PJACA,Fiorentina,15,"5,7","5,93",1,0,0,0,0,0,1,1,0,0
1999,D,"LUKAKU J.",Lazio,7,"5,79","5,71",0,0,0,0,0,0,0,1,0,0
2002,C,CHIESA,Fiorentina,37,"6,24","6,73",6,0,0,0,0,0,2,4,0,0
2003,C,MURGIA,SPAL,14,"5,93","6,11",0,0,0,0,0,0,3,1,0,0
2006,D,LIROLA,Sassuolo,35,"5,99","6,21",2,0,0,0,0,0,7,2,0,2
2007,D,WALLACE,Lazio,15,"5,57","5,2",0,0,0,0,0,0,0,3,0,2
2008,C,LINETTY,Sampdoria,32,"5,97","6,17",3,0,0,0,0,0,3,11,0,0
2009,C,LUKIC,Torino,18,"6,08","6,28",2,0,0,0,0,0,0,7,0,0
2011,C,"MIGUEL VELOSO",Genoa,21,"5,81","5,69",0,0,0,0,0,0,1,7,0,0
2012,A,MILIK,Napoli,35,"6,07","7,53",17,0,0,0,0,0,2,4,0,0
2013,A,"RICCI F.",Sassuolo,0,0,0,0,0,0,0,0,0,0,0,0,0
2015,D,LETSCHERT,Sassuolo,0,0,0,0,0,0,0,0,0,0,0,0,0
2016,D,FAZIO,Roma,34,"5,85","6,21",5,0,0,0,0,0,0,6,0,0
2038,A,PINAMONTI,Frosinone,25,"5,8","6,48",5,0,0,0,0,0,3,2,0,0
2040,A,LOMBARDI,Lazio,0,0,0,0,0,0,0,0,0,0,0,0,0
2052,D,"GOMEZ G",Milan,0,0,0,0,0,0,0,0,0,0,0,0,0
2058,C,"SANCHEZ C",Fiorentina,0,0,0,0,0,0,0,0,0,0,0,0,0
2061,A,SIMEONE,Fiorentina,35,"5,66","6,23",6,0,0,0,0,0,3,2,0,0
2062,D,BASTOS,Lazio,17,"5,82","5,91",1,0,0,0,0,0,0,3,0,0
2064,D,VESELI,Empoli,29,"5,59","5,52",0,0,0,0,0,0,0,4,0,0
2065,C,PRAET,Sampdoria,34,"6,07","6,25",2,0,0,0,0,0,3,6,0,0
2073,A,RAGUSA,Sassuolo,0,0,0,0,0,0,0,0,0,0,0,0,0
2075,C,CRISTOFORO,Fiorentina,0,0,0,0,0,0,0,0,0,0,0,0,0
2076,C,ROG,Napoli,7,"6,07","6,29",1,0,0,0,0,0,0,3,0,0
2077,C,PASALIC,Atalanta,31,"5,89","6,45",5,0,0,0,0,0,3,1,0,0
2078,C,"JOAO MARIO N.",Inter,16,"6,06","6,25",1,0,0,0,0,0,1,2,0,0
2083,D,BIRASCHI,Genoa,34,"5,81","5,68",0,0,0,0,0,0,0,3,1,1
2085,C,"LUIS ALBERTO",Lazio,27,"5,98","6,48",3,0,0,1,1,0,5,5,1,0
2087,D,"OLIVERA M.",Fiorentina,0,0,0,0,0,0,0,0,0,0,0,0,0
2091,P,PLIZZARI,Milan,0,0,0,0,0,0,0,0,0,0,0,0,0
2097,A,KEAN,Juventus,10,"6,35","8,05",6,0,0,0,0,0,0,2,0,0
2100,A,OKWONKWO,Bologna,7,"5,57","5,5",0,0,0,0,0,0,0,2,0,0
2104,D,BERESZYNSKI,Sampdoria,25,"5,66","5,6",0,0,0,0,0,0,2,5,1,0
2105,C,BEGHETTO,Frosinone,26,"5,9","5,96",0,0,0,0,0,0,3,3,0,0
2107,C,KIYINE,Chievo,18,"5,92","5,81",0,0,0,0,0,0,1,7,0,0
2108,A,"ROSSI A",Lazio,0,0,0,0,0,0,0,0,0,0,0,0,0
2114,A,PETKOVIC,Bologna,0,0,0,0,0,0,0,0,0,0,0,0,0
2116,D,FARAGO',Cagliari,24,"5,83","5,81",1,0,0,0,0,0,1,7,1,0
2117,C,KASTANOS,Juventus,1,"5,5","5,5",0,0,0,0,0,0,0,0,0,0
2120,D,BASTONI,Parma,21,"5,95","6,05",1,0,0,0,0,0,0,2,0,0
2124,C,ZAJC,Empoli,20,"5,98","6,45",3,0,0,0,0,0,2,1,1,0
2127,P,SATALINO,Sassuolo,0,0,0,0,0,0,0,0,0,0,0,0,0
2129,D,"SIMIC L",SPAL,4,"5,38","5,38",0,0,0,0,0,0,0,0,0,0
2130,D,HATEBOER,Atalanta,34,"6,06","6,57",5,0,0,0,0,0,5,5,0,0
2133,C,"VALENCIA JM",Bologna,1,6,"5,5",0,0,0,0,0,0,0,1,0,0
2134,P,FALCONE,Sampdoria,0,0,0,0,0,0,0,0,0,0,0,0,0
2137,A,SCAMACCA,Sassuolo,0,0,0,0,0,0,0,0,0,0,0,0,0
2141,C,DEPAOLI,Chievo,32,"5,75","5,66",0,0,0,0,0,0,4,10,2,0
2144,C,"COULIBALY M.",Udinese,0,0,0,0,0,0,0,0,0,0,0,0,0
2146,A,HAN,Cagliari,0,0,0,0,0,0,0,0,0,0,0,0,0
2152,A,JAKUPOVIC,Empoli,0,0,0,0,0,0,0,0,0,0,0,0,0
2154,C,VIGNATO,Chievo,10,6,"6,4",1,0,0,0,0,0,1,0,0,0
2155,A,CUTRONE,Milan,29,"5,83","6,17",3,0,0,0,0,0,2,2,0,0
2160,D,GOSENS,Atalanta,28,"6,18","6,54",3,0,0,0,0,0,2,2,0,0
2163,A,CORNELIUS,Atalanta,0,0,0,0,0,0,0,0,0,0,0,0,0
2164,D,MILENKOVIC,Fiorentina,34,"5,93","6,06",3,0,0,0,0,0,0,7,1,0
2165,D,"VITOR HUGO",Fiorentina,29,"5,88","5,76",0,0,0,0,0,0,1,7,1,0
2166,C,BENTANCUR,Juventus,29,"5,91","6,03",2,0,0,0,0,0,2,7,1,0
2167,A,ORSOLINI,Bologna,32,"6,19","7,03",8,0,0,0,0,0,4,2,0,0
2168,D,MUSACCHIO,Milan,29,"6,02","6,09",1,0,0,0,0,0,0,2,0,0
2169,D,"RODRIGUEZ R.",Milan,35,"5,84","5,83",0,0,0,0,0,0,2,5,0,0
2170,P,"MILINKOVIC-SAVIC V.",SPAL,2,"5,75","3,25",0,4,0,0,0,0,0,0,1,0
2171,D,LYANCO,Bologna,14,"5,89","5,96",1,0,0,0,0,0,0,2,1,0
2172,C,BARAK,Udinese,5,"5,4","5,4",0,0,0,0,0,0,0,0,0,0
2174,D,VENUTI,Fiorentina,0,0,0,0,0,0,0,0,0,0,0,0,0
2175,A,"ANDRE' SILVA",Milan,0,0,0,0,0,0,0,0,0,0,0,0,0
2178,P,CRAGNO,Cagliari,38,"6,45","5,17",0,54,2,0,0,0,0,1,0,0
2179,P,SIRIGU,Torino,36,"6,35","5,53",0,35,2,0,0,0,0,1,0,0
2180,D,KARSDORP,Roma,9,"5,78","5,72",0,0,0,0,0,0,0,1,0,0
2181,D,PALOMINO,Atalanta,28,"6,05","6,07",1,0,0,0,0,0,1,5,1,0
2182,D,RIGIONE,Chievo,0,0,0,0,0,0,0,0,0,0,0,0,0
2183,C,GARRITANO,Chievo,0,0,0,0,0,0,0,0,0,0,0,0,0
2185,C,GAUDINO,Chievo,0,0,0,0,0,0,0,0,0,0,0,0,0
2187,C,BORINI,Milan,19,"5,92","6,21",2,0,0,0,0,0,1,3,0,0
2188,C,MARUSIC,Lazio,25,"5,8","5,88",1,0,0,0,0,0,1,2,1,0
2191,C,INGELSSON,Udinese,3,"5,17","5,17",0,0,0,0,0,0,0,0,0,0
2192,D,BONIFAZI,SPAL,27,"5,94","6,13",2,0,0,0,0,0,0,2,0,0
2193,C,GONALONS,Roma,0,0,0,0,0,0,0,0,0,0,0,0,0
2194,C,CALHANOGLU,Milan,35,"5,91","6,27",3,0,0,0,0,0,5,3,0,0
2195,A,OUNAS,Napoli,12,6,"6,75",3,0,0,0,0,0,0,0,0,0
2196,A,GALABINOV,Genoa,0,0,0,0,0,0,0,0,0,0,0,0,0
2197,D,CASTAGNE,Atalanta,27,"6,04","6,5",4,0,0,0,0,0,2,3,0,0
2198,A,KOWNACKI,Sampdoria,6,"5,75","5,92",0,0,0,2,1,1,1,0,0,0
2200,C,"DOUGLAS COSTA",Juventus,13,"6,04","6,15",1,0,0,0,0,0,0,1,1,0
2201,A,UNDER,Roma,23,"5,96","6,59",3,0,0,0,0,0,6,1,0,0
2205,C,BERENGUER,Torino,22,"6,09","6,43",2,0,0,0,0,0,3,4,0,0
2207,A,ZEKHNINI,Fiorentina,0,0,0,0,0,0,0,0,0,0,0,0,0
2208,D,JAROSZYNSKI,Chievo,19,"5,63","5,58",0,0,0,0,0,0,0,2,0,0
2209,C,"LUCAS LEIVA",Lazio,26,6,"5,94",0,0,0,0,0,0,2,7,0,0
2210,C,FALLETTI,Bologna,0,0,0,0,0,0,0,0,0,0,0,0,0
2212,D,VAISANEN,SPAL,0,0,0,0,0,0,0,0,0,0,0,0,0
2213,C,CASSATA,Frosinone,18,"5,83",6,2,0,0,0,0,0,2,8,1,0
2214,D,KOLAROV,Roma,33,"6,06","6,7",5,0,0,3,3,0,1,6,1,0
2215,C,VERETOUT,Fiorentina,33,"6,06","6,27",0,0,0,6,5,1,2,12,1,0
2216,D,KONATE,SPAL,0,0,0,0,0,0,0,0,0,0,0,0,0
2243,C,CICIRETTI,Parma,5,"5,6","5,6",0,0,0,0,0,0,0,0,0,0
2246,A,CERAVOLO,Parma,22,"5,45","5,57",1,0,0,2,1,1,0,1,0,0
2249,P,SANTURRO,Bologna,0,0,0,0,0,0,0,0,0,0,0,0,0
2256,P,POLUZZI,SPAL,0,0,0,0,0,0,0,0,0,0,0,0,0
2261,D,VICARI,SPAL,28,"5,95","6,09",2,0,0,0,0,0,1,6,0,0
2263,C,LAZZARI,SPAL,33,"6,35","6,48",0,0,0,0,0,0,8,7,0,0
2265,C,SCHIATTARELLA,SPAL,25,"5,92","5,88",0,0,0,0,0,0,4,10,0,0
2267,A,ANTENUCCI,SPAL,30,"5,77","6,17",4,0,0,2,1,1,0,0,0,0
2271,P,NICOLAS,Udinese,0,0,0,0,0,0,0,0,0,0,0,0,0
2274,C,VALOTI,SPAL,21,"5,86",6,2,0,0,0,0,0,0,6,0,0
2279,D,ROMAGNA,Cagliari,18,"6,06",6,0,0,0,0,0,0,0,2,0,0
2280,D,NUYTINCK,Udinese,27,"5,87","5,76",0,0,0,0,0,0,0,4,1,0
2284,A,CAICEDO,Lazio,23,"6,15","7,2",7,0,0,1,1,0,2,4,0,0
2285,D,BANI,Chievo,30,"5,65","5,43",0,0,0,0,0,0,0,7,1,1
2287,C,RAMIREZ,Sampdoria,26,"5,92","6,38",4,0,0,0,0,0,4,6,1,0
2288,D,N'KOULOU,Torino,36,"6,25","6,31",2,0,0,0,0,0,0,6,1,0
2289,D,DALBERT,Inter,11,"5,73","5,73",0,0,0,0,0,0,1,2,0,0
2290,C,EYSSERIC,Fiorentina,8,"5,94",6,0,0,0,0,0,0,1,1,0,0
2293,C,OMEONGA,Genoa,2,"5,5","5,25",0,0,0,0,0,0,0,1,0,0
2296,D,MANCINI,Atalanta,29,"6,22","6,69",5,0,0,0,0,0,1,5,0,0
2297,P,"ROSSI F.",Atalanta,0,0,0,0,0,0,0,0,0,0,0,0,0
2300,D,LEVERBE,Cagliari,0,0,0,0,0,0,0,0,0,0,0,0,0
2302,C,BEHRAMI,Udinese,18,"6,06","6,06",1,0,0,0,0,0,0,6,0,0
2304,A,"SALCEDO E.",Inter,0,0,0,0,0,0,0,0,0,0,0,0,0
2306,C,MATUIDI,Juventus,30,"6,22","6,5",3,0,0,0,0,0,2,5,0,0
2309,D,"PEZZELLA GER.",Fiorentina,32,"6,03","6,09",2,0,0,0,0,0,1,6,0,1
2310,D,CANCELO,Juventus,24,"6,1","6,19",1,0,0,0,0,0,2,6,0,0
2312,D,HRISTOV,Fiorentina,0,0,0,0,0,0,0,0,0,0,0,0,0
2315,D,"STRYGER LARSEN",Udinese,36,"5,86","5,97",1,0,0,0,0,0,4,6,0,0
2317,A,BRIGNOLA,Sassuolo,5,"5,8","6,2",1,0,0,0,0,0,0,2,0,0
2318,D,ROGERIO,Sassuolo,32,"5,64","5,59",1,0,0,0,0,0,1,9,1,0
2320,D,ANDERSEN,Sampdoria,32,"6,02","5,91",0,0,0,0,0,0,0,7,0,0
2325,A,KARAMOH,Inter,0,0,0,0,0,0,0,0,0,0,0,0,0
2327,A,STEPINSKI,Chievo,35,"5,63","6,1",6,0,0,0,0,0,1,5,0,0
2331,P,BORSELLINI,Udinese,0,0,0,0,0,0,0,0,0,0,0,0,0
2332,C,"BRUNO JORDAO",Lazio,2,6,6,0,0,0,0,0,0,0,0,0,0
2333,A,"PEDRO NETO",Lazio,2,6,6,0,0,0,0,0,0,0,1,0,0
2334,A,LERIS,Chievo,22,"5,59","5,52",0,0,0,0,0,0,1,5,0,0
2335,D,"LUIZ FELIPE",Lazio,17,"5,94","6,06",1,0,0,0,0,0,1,4,0,0
2355,D,MARLON,Sassuolo,18,"5,69","5,72",1,0,0,0,0,0,0,3,1,0
2378,C,PASTORE,Roma,12,"5,92","6,75",3,0,0,0,0,0,1,0,0,0
2387,P,LAFONT,Fiorentina,34,"6,01","4,84",0,40,1,0,0,0,0,2,0,1
2391,C,EKDAL,Sampdoria,32,"6,02","5,92",0,0,0,0,0,0,0,6,0,0
2468,P,OSPINA,Napoli,17,"6,06","4,88",0,20,0,0,0,0,0,0,0,0
2504,C,"CAN ",Juventus,26,"6,02","6,33",3,0,0,1,1,0,1,7,0,1
2535,D,"CEDRIC SOARES",Inter,3,"6,17","6,17",0,0,0,0,0,0,0,0,0,0
2594,D,LEMOS,Sassuolo,3,"5,5","5,5",0,0,0,0,0,0,0,0,0,0
2610,A,RONALDO,Juventus,31,"6,48","8,6",16,0,0,6,5,1,7,3,0,0
2617,C,NZONZI,Roma,30,"5,98","6,03",1,0,0,0,0,0,2,7,0,0
2625,C,SORIANO,Bologna,24,"5,9","6,1",2,0,0,0,0,0,2,6,0,0
2639,C,BAKAYOKO,Milan,29,"6,02","6,05",1,0,0,0,0,0,1,5,1,0
2646,C,SANDRO,Udinese,21,"5,64","5,43",0,0,0,0,0,0,1,8,0,1
2650,A,AVENATTI,Bologna,0,0,0,0,0,0,0,0,0,0,0,0,0
2651,D,"LISANDRO LOPEZ",Genoa,0,0,0,0,0,0,0,0,0,0,0,0,0
2652,C,"EVERTON LUIZ",SPAL,9,"5,61","5,39",0,0,0,0,0,0,0,5,0,0
2653,D,LYKOGIANNIS,Cagliari,10,"5,5","5,55",0,0,0,0,0,0,1,1,0,0
2658,A,MEDEIROS,Genoa,2,"5,25","5,25",0,0,0,0,0,0,0,0,0,0
2659,C,DABO,Fiorentina,17,"5,79","5,91",1,0,0,0,0,0,1,4,0,0
2663,D,TANASIJEVIC,Chievo,1,5,4,0,0,0,0,0,0,0,0,1,0
2664,D,"EL YAMIQ",Genoa,0,0,0,0,0,0,0,0,0,0,0,0,0
2692,A,CASTILLEJO,Milan,22,"5,95","6,55",4,0,0,0,0,0,2,3,0,0
2719,A,BARROW,Atalanta,17,"5,82",6,1,0,0,0,0,0,0,0,0,0
2725,C,CALIGARA,Cagliari,0,0,0,0,0,0,0,0,0,0,0,0,0
2728,D,"PELLEGRINI LU.",Cagliari,16,"5,91","5,84",0,0,0,0,0,0,2,4,1,0
2732,C,STIJEPOVIC,Sampdoria,0,0,0,0,0,0,0,0,0,0,0,0,0
2737,D,BETTELLA,Atalanta,0,0,0,0,0,0,0,0,0,0,0,0,0
2739,D,RECA,Atalanta,1,"6,5","6,5",0,0,0,0,0,0,0,0,0,0
2740,D,VARNIER,Atalanta,0,0,0,0,0,0,0,0,0,0,0,0,0
2741,C,PESSINA,Atalanta,5,"6,1","6,3",0,0,0,0,0,0,1,0,0,0
2742,C,VALZANIA,Frosinone,15,"6,03","6,37",2,0,0,0,0,0,1,4,0,0
2743,A,SANTANDER,Bologna,29,"6,03","6,9",8,0,0,0,0,0,3,5,0,0
2744,C,SVANBERG,Bologna,21,"5,67","5,71",0,0,0,0,0,0,2,2,0,0
2745,D,CALABRESI,Bologna,17,"5,79","5,74",1,0,0,0,0,0,0,8,0,0
2746,D,DIJKS,Bologna,24,6,"5,98",1,0,0,0,0,0,0,5,1,0
2747,D,PAZ,Bologna,2,"5,5","5,25",0,0,0,0,0,0,0,1,0,0
2749,D,SRNA,Cagliari,26,"5,94","5,96",0,0,0,0,0,0,4,5,1,0
2750,A,MRAZ,Empoli,5,"5,6","6,2",1,0,0,0,0,0,0,0,0,0
2752,D,RASMUSSEN,Empoli,13,"5,31","5,27",0,0,0,0,0,0,1,3,0,0
2753,D,MARCJANIK,Empoli,0,0,0,0,0,0,0,0,0,0,0,0,0
2754,D,HANCKO,Fiorentina,4,"5,88","6,12",0,0,0,0,0,0,1,0,0,0
2755,D,VALIETTI,Genoa,0,0,0,0,0,0,0,0,0,0,0,0,0
2756,A,PIATEK,Milan,37,"6,35","8,07",20,0,0,2,2,0,0,5,0,0
2757,D,LAKICEVIC,Genoa,0,0,0,0,0,0,0,0,0,0,0,0,0
2758,D,GUNTER,Genoa,12,"5,67","5,62",0,0,0,0,0,0,0,1,0,0
2759,D,CRISCITO,Genoa,35,"6,01","6,1",1,0,0,1,1,0,4,12,1,0
2760,C,CALLEGARI,Genoa,0,0,0,0,0,0,0,0,0,0,0,0,0
2761,P,VODISEK,Genoa,0,0,0,0,0,0,0,0,0,0,0,0,0
2762,A,KOUAME',Genoa,38,"6,07","6,46",4,0,0,0,0,0,5,4,0,0
2764,A,"MARTINEZ L.",Inter,22,"6,07","6,84",5,0,0,1,1,0,1,4,0,0
2765,A,ODGAARD,Sassuolo,1,6,6,0,0,0,0,0,0,0,0,0,0
2766,C,ZANIOLO,Roma,27,"6,13","6,5",4,0,0,0,0,0,2,8,0,0
2769,D,MAGNANI,Sassuolo,18,"6,11","6,11",0,0,0,0,0,0,1,2,0,0
2770,P,PROTO,Lazio,2,6,"3,75",0,4,0,0,0,0,0,1,0,0
2771,C,"BERISHA V.",Lazio,5,6,6,0,0,0,0,0,0,0,0,0,0
2772,D,DURMISI,Lazio,8,"5,56","5,31",0,0,0,0,0,0,0,4,0,0
2773,A,SPROCATI,Parma,12,"5,67","5,92",1,0,0,0,0,0,0,0,0,0
2774,C,HALILOVIC,Milan,0,0,0,0,0,0,0,0,0,0,0,0,0
2775,C,RUIZ,Napoli,27,"6,3","6,89",5,0,0,0,0,0,3,2,1,0
2776,A,YOUNES,Napoli,11,"6,27","7,23",3,0,0,0,0,0,2,1,0,0
2778,C,STULAC,Parma,21,"5,86","5,79",0,0,0,0,0,0,1,3,1,0
2779,A,KLUIVERT,Roma,24,"5,88","6,21",1,0,0,0,0,0,6,2,0,0
2780,C,CORIC,Roma,1,"5,5","5,5",0,0,0,0,0,0,0,0,0,0
2781,P,FUZATO,Roma,0,0,0,0,0,0,0,0,0,0,0,0,0
2782,D,MARCANO,Roma,10,"5,55","5,55",0,0,0,0,0,0,0,0,0,0
2783,D,BIANDA,Roma,0,0,0,0,0,0,0,0,0,0,0,0,0
2784,D,COLLEY,Sampdoria,21,"5,93","5,88",0,0,0,0,0,0,0,0,1,0
2785,C,PEETERS,Sampdoria,0,0,0,0,0,0,0,0,0,0,0,0,0
2787,D,DICKMANN,SPAL,4,"5,5","5,38",0,0,0,0,0,0,0,1,0,0
2788,D,BREMER,Torino,2,"5,75","5,5",0,0,0,0,0,0,0,1,0,0
2789,C,MEITE',Torino,34,"6,06","6,19",2,0,0,0,0,0,3,7,1,0
2790,P,ROSATI,Torino,0,0,0,0,0,0,0,0,0,0,0,0,0
2791,A,VIZEU,Udinese,1,5,5,0,0,0,0,0,0,0,0,0,0
2792,P,MUSSO,Udinese,29,"6,26","4,81",0,40,0,0,0,0,0,4,0,0
2793,D,OPOKU,Udinese,11,"5,45","5,23",0,0,0,0,0,0,0,5,0,0
2794,A,MICIN,Udinese,0,0,0,0,0,0,0,0,0,0,0,0,0
2795,D,"TER AVEST",Udinese,13,"5,92",6,0,0,0,0,0,0,1,0,0,0
2797,D,"JUNIOR TAVARES",Sampdoria,3,"5,67","5,5",0,0,0,0,0,0,0,1,0,0
2798,P,DINI,Parma,0,0,0,0,0,0,0,0,0,0,0,0,0
2799,P,FRATTALI,Parma,1,"6,5","4,5",0,2,0,0,0,0,0,0,0,0
2800,D,"DI CESARE",Parma,0,0,0,0,0,0,0,0,0,0,0,0,0
2801,D,IACOPONI,Parma,38,"5,71","5,66",0,0,0,0,0,0,0,4,0,0
2802,C,BARILLA',Parma,31,"5,89","6,08",3,0,0,0,0,0,2,10,0,0
2803,C,SCAVONE,Parma,0,0,0,0,0,0,0,0,0,0,0,0,0
2804,C,SCOZZARELLA,Parma,19,"5,92","5,87",0,0,0,0,0,0,3,8,0,0
2805,A,BARAYE,Parma,0,0,0,0,0,0,0,0,0,0,0,0,0
2806,A,CALAIO',Parma,0,0,0,0,0,0,0,0,0,0,0,0,0
2807,A,"DA CRUZ",Parma,3,"5,5","5,5",0,0,0,0,0,0,0,0,0,0
2808,C,FREDIANI,Parma,0,0,0,0,0,0,0,0,0,0,0,0,0
2810,D,BRIGHENTI,Frosinone,11,"5,64","5,45",0,0,0,0,0,0,0,4,0,0
2811,C,KONE',Frosinone,0,0,0,0,0,0,0,0,0,0,0,0,0
2812,A,CIANO,Frosinone,32,"5,98","6,48",5,0,0,3,2,1,4,12,0,0
2814,P,PROVEDEL,Empoli,16,"5,84","3,59",0,36,0,0,0,0,0,0,0,0
2815,P,TERRACCIANO,Fiorentina,10,"6,35","5,05",0,13,0,0,0,0,0,0,0,0
2816,D,"DI LORENZO",Empoli,37,"6,03","6,41",5,0,0,0,0,0,3,8,0,0
2817,D,UNTERSEE,Empoli,3,"5,5","5,5",0,0,0,0,0,0,0,0,0,0
2818,C,BENNACER,Empoli,35,"5,9","5,86",0,0,0,0,0,0,2,7,0,0
2819,A,CAPUTO,Empoli,38,"6,08","7,14",13,0,0,6,3,3,3,3,0,0
2825,C,BOURABIA,Sassuolo,31,"5,82","5,77",1,0,0,0,0,0,0,7,1,0
2826,A,PUSSETTO,Udinese,32,"5,92","6,27",4,0,0,0,0,0,3,8,0,0
2827,A,MACHIS,Udinese,11,"5,82","5,86",0,0,0,0,0,0,1,2,0,0
2828,C,COLOMBATTO,Cagliari,0,0,0,0,0,0,0,0,0,0,0,0,0
2829,D,VALJENT,Chievo,0,0,0,0,0,0,0,0,0,0,0,0,0
2830,C,NORGAARD,Fiorentina,5,"5,7","5,7",0,0,0,0,0,0,0,0,0,0
2831,D,DJOUROU,SPAL,5,"5,6","5,6",0,0,0,0,0,0,0,0,0,0
2832,C,BOGA,Sassuolo,24,"6,15","6,56",3,0,0,0,0,0,1,0,0,0
2833,C,KULUSEVSKI,Atalanta,3,"5,5","5,5",0,0,0,0,0,0,0,0,0,0
2834,D,BRIGNANI,Bologna,0,0,0,0,0,0,0,0,0,0,0,0,0
2835,C,KINGSLEY,Bologna,0,0,0,0,0,0,0,0,0,0,0,0,0
2836,P,OLSEN,Roma,27,6,"4,41",0,42,0,0,0,0,0,2,0,0
2838,D,IMPERIALE,Empoli,0,0,0,0,0,0,0,0,0,0,0,0,0
2839,A,SOTTIL,Fiorentina,0,0,0,0,0,0,0,0,0,0,0,0,0
2840,A,GRAICIAR,Fiorentina,0,0,0,0,0,0,0,0,0,0,0,0,0
2841,A,VLAHOVIC,Fiorentina,4,"5,62","5,62",0,0,0,0,0,0,0,0,0,0
2842,A,ZANIMACCHIA,Genoa,0,0,0,0,0,0,0,0,0,0,0,0,0
2843,C,EMMERS,Inter,0,0,0,0,0,0,0,0,0,0,0,0,0
2844,A,COLIDIO,Inter,0,0,0,0,0,0,0,0,0,0,0,0,0
2845,P,CONTINI,Napoli,0,0,0,0,0,0,0,0,0,0,0,0,0
2846,C,BAUMGARTNER,Sampdoria,0,0,0,0,0,0,0,0,0,0,0,0,0
2847,D,SERNICOLA,Sassuolo,0,0,0,0,0,0,0,0,0,0,0,0,0
2848,C,FRATTESI,Sassuolo,0,0,0,0,0,0,0,0,0,0,0,0,0
2849,A,DAMASCAN,Torino,0,0,0,0,0,0,0,0,0,0,0,0,0
2850,C,KATUMA,Udinese,0,0,0,0,0,0,0,0,0,0,0,0,0
2852,C,RICCARDI,Roma,0,0,0,0,0,0,0,0,0,0,0,0,0
2853,A,MONCINI,SPAL,0,0,0,0,0,0,0,0,0,0,0,0,0
2854,C,BRADARIC,Cagliari,23,"5,65","5,5",0,0,0,0,0,0,1,5,0,1
2855,C,VIEIRA,Sampdoria,10,"5,8","5,7",0,0,0,0,0,0,0,3,0,0
2856,C,ROLON,Genoa,17,"5,71","5,47",0,0,0,0,0,0,0,9,0,0
2857,C,"TRAORE' HJ.",Empoli,30,"6,08","6,28",2,0,0,0,0,0,2,4,0,0
2858,A,GALANO,Parma,0,0,0,0,0,0,0,0,0,0,0,0,0
2859,A,MIRALLAS,Fiorentina,23,"5,7","5,96",2,0,0,0,0,0,1,2,0,0
2860,D,MALCUIT,Napoli,23,"6,11","6,15",0,0,0,0,0,0,2,3,0,0
2861,P,SEMPER,Chievo,6,"6,25","4,92",0,8,0,0,0,0,0,0,0,0
2862,P,IACOBUCCI,Frosinone,0,0,0,0,0,0,0,0,0,0,0,0,0
2863,C,FERNANDES,Fiorentina,28,"5,68","5,71",2,0,0,0,0,0,0,8,1,0
2865,D,AINA,Torino,29,"5,91","6,02",1,0,0,0,0,0,3,4,1,0
2866,C,VLOET,Frosinone,5,"5,9","5,9",0,0,0,0,0,0,0,0,0,0
2867,A,CAMPBELL,Frosinone,15,"5,67","5,73",0,0,0,0,0,0,3,4,0,0
2868,A,"RIGONI E",Atalanta,9,"5,78","6,72",3,0,0,0,0,0,0,1,0,0
2869,D,DJIDJI,Torino,16,"5,97","5,91",0,0,0,0,0,0,0,2,0,0
2870,D,TROOST-EKONG,Udinese,35,"5,79","5,73",0,0,0,0,0,0,0,4,0,0
2871,D,KLAVAN,Cagliari,15,"5,9","5,83",0,0,0,0,0,0,0,2,0,0
2872,A,ARDAIZ,Frosinone,1,"5,5","5,5",0,0,0,0,0,0,0,0,0,0
2873,A,TEODORCZYK,Udinese,12,"5,67","5,62",1,0,0,1,0,1,0,1,0,0
2874,P,GHIDOTTI,Fiorentina,0,0,0,0,0,0,0,0,0,0,0,0,0
2875,P,BAGHERIA,Parma,0,0,0,0,0,0,0,0,0,0,0,0,0
2876,A,MATARESE,Frosinone,0,0,0,0,0,0,0,0,0,0,1,0,0
2877,C,BURRUCHAGA,Chievo,1,6,6,0,0,0,0,0,0,0,0,0,0
2878,A,DALMONTE,Genoa,2,"5,75","5,75",0,0,0,0,0,0,0,0,0,0
4302,D,SIERRALTA,Parma,5,"5,5","4,9",0,0,0,0,0,0,0,2,0,1
4303,P,DAGA,Cagliari,0,0,0,0,0,0,0,0,0,0,0,0,0
4307,D,ROMERO,Genoa,27,6,6,2,0,0,0,0,0,1,10,2,0
4322,C,PAQUETA',Milan,13,"6,12","6,19",1,0,0,0,0,0,1,4,1,0
4323,D,ZEEGELAAR,Udinese,12,"5,46","5,17",0,0,0,0,0,0,0,5,1,0
4324,A,OKAKA,Udinese,14,"6,29","7,5",6,0,0,0,0,0,1,4,0,0
4325,P,JANDREI,Genoa,1,"6,5","5,5",0,1,0,0,0,0,0,0,0,0
4327,C,OLIVA,Cagliari,0,0,0,0,0,0,0,0,0,0,0,0,0
4328,P,PERUCCHINI,Empoli,0,0,0,0,0,0,0,0,0,0,0,0,0
4329,D,NIKOLAOU,Empoli,4,6,6,0,0,0,0,0,0,0,0,0,0
4330,C,LERAGER,Genoa,14,"5,68","5,75",1,0,0,0,0,0,0,4,0,0
4331,D,IBANEZ,Atalanta,0,0,0,0,0,0,0,0,0,0,0,0,0
4332,D,DEMIRAL,Sassuolo,14,"6,29","6,61",2,0,0,0,0,0,0,3,0,0
4333,A,DESPODOV,Cagliari,3,"5,67","5,67",0,0,0,0,0,0,0,0,0,0
4334,C,PIAZON,Chievo,3,"5,67","5,67",0,0,0,0,0,0,0,0,0,0
4335,A,SCHIAPPACASSE,Parma,3,"5,33","5,33",0,0,0,0,0,0,0,0,0,0
4336,P,BRAZAO,Parma,0,0,0,0,0,0,0,0,0,0,0,0,0
4337,A,OBERLIN,Empoli,3,"5,5","5,5",0,0,0,0,0,0,0,0,0,0
4338,C,JANKOVIC,SPAL,2,6,"5,75",0,0,0,0,0,0,0,1,0,0
4339,D,WILMOT,Udinese,3,"5,17","5,17",0,0,0,0,0,0,0,1,0,0
4346,A,MILLICO,Torino,0,0,0,0,0,0,0,0,0,0,0,0,0
4347,A,DORATIOTTO,Cagliari,1,"5,5","5,5",0,0,0,0,0,0,0,0,0,0
4348,A,"VERDE F",Cagliari,0,0,0,0,0,0,0,0,0,0,0,0,0
4349,C,"NICOLUSSI CAVIGLIA",Juventus,2,6,6,0,0,0,0,0,0,0,0,0,0
4351,P,BRANCOLINI,Fiorentina,0,0,0,0,0,0,0,0,0,0,0,0,0
4352,A,CELAR,Roma,0,0,0,0,0,0,0,0,0,0,0,0,0
4353,C,MONTIEL,Fiorentina,0,0,0,0,0,0,0,0,0,0,0,0,0
4354,D,COCCOLO,Juventus,0,0,0,0,0,0,0,0,0,0,0,0,0
4355,D,GOZZI,Juventus,1,5,5,0,0,0,0,0,0,0,0,0,0
4357,A,MAVIDIDI,Juventus,1,"5,5","5,5",0,0,0,0,0,0,0,0,0,0
4358,A,GRUBAC,Chievo,3,"5,17",5,0,0,0,0,0,0,0,1,0,0
4359,A,PICCOLI,Atalanta,1,"5,5","5,5",0,0,0,0,0,0,0,0,0,0
4360,P,CAPRILE,Chievo,0,0,0,0,0,0,0,0,0,0,0,0,0
4361,C,KARAMOKO,Chievo,1,5,5,0,0,0,0,0,0,0,0,0,0
4362,C,BELOKO,Fiorentina,1,"5,5",5,0,0,0,0,0,0,0,1,0,0
4363,D,NDRECKA,Chievo,1,5,5,0,0,0,0,0,0,0,0,0,0
4364,C,GAETANO,Napoli,0,0,0,0,0,0,0,0,0,0,0,0,0
4365,D,CORBO,Bologna,0,0,0,0,0,0,0,0,0,0,0,0,0
4366,D,ARMINI,Lazio,1,"5,5","5,5",0,0,0,0,0,0,0,0,0,0
4367,P,"DEL FAVERO",Juventus,0,0,0,0,0,0,0,0,0,0,0,0,0
4368,A,JUWARA,Chievo,0,0,0,0,0,0,0,0,0,0,0,0,0
4369,C,CAPANNI,Lazio,0,0,0,0,0,0,0,0,0,0,1,0,0
4370,C,PORTANOVA,Juventus,1,6,"5,5",0,0,0,0,0,0,0,1,0,0
4371,A,RASPADORI,Sassuolo,0,0,0,0,0,0,0,0,0,0,0,0,0
